Walmart	Sam Walton	1
Walmart	John D. Opie	0
Walmart	H. Lee Scott, Jr.	0
Walmart	Linda S. Wolf	0
Walmart	Jack C. Shewmaker	0
Walmart	Bill Simon	0
Walmart	Aída Álvarez	0
Walmart	Douglas Daft	0
Walmart	Hillary Rodham Clinton	0
Walmart	Arne M. Sorenson	0
Walmart	Christopher J. Williams	0
Walmart	M. Michele Burns	0
Walmart	David D. Glass	0
Walmart	John T. Chambers	0
Walmart	Thomas M. Schoewe	0
Walmart	Thomas D. Hyde	0
Walmart	Roland A. Hernandez	0
Walmart	Jim Breyer	0
Walmart	Gregory B. Penner	0
Walmart	Eduardo Castro-Wright	0
Walmart	Jim C. Walton	0
Walmart	C. Douglas Mcmillon	0
Walmart	Mike Duke	0
Walmart	Mary Susan Chambers	0
Walmart	John B. Menzer	0
Walmart	Roger C. Corbett	0
Walmart	James Cash, Jr.	0
Walmart	S. Robson Walton	0
Walmart	Allen I. Questrom	0
BP	William Knox D'Arcy	1
BP	H Laurance Fuller	0
BP	Bob Dudley	0
BP	Walter E. Massey	0
BP	Peter Walters	0
BP	Erroll B. Davis Jr.	0
BP	Sir Robert B Horton	0
BP	John H. Bryan	0
BP	William Castell	0
Volkswagen Passenger Cars	German Labour Front	1
Volkswagen Passenger Cars	Martin Winterkorn	0
Toyota	Kiichiro Toyoda	1
Toyota	Takeshi Uchiyamada	0
Toyota	James E. Press	0
Toyota	Katsuaki Watanabe	0
Toyota	Akio Toyoda	0
Toyota	Fujio Cho	0
Toyota	Hiroshi Okuda	0
Glencore Xstrata	Marc Rich	1
Glencore Xstrata	Tony Hayward	0
Glencore Xstrata	Ivan Glasenberg	0
Samsung Group	Lee Byung-chul	1
Samsung Group	Lee Kun-hee	0
Berkshire Hathaway	Oliver Chace	1
Berkshire Hathaway	Susan Decker	0
Berkshire Hathaway	Ronald Olson	0
Berkshire Hathaway	Stephen B. Burke	0
Berkshire Hathaway	Walter Scott Jr.	0
Berkshire Hathaway	Charlotte Guyman	0
Berkshire Hathaway	Donald Keough	0
Berkshire Hathaway	Malcolm Chace	0
Berkshire Hathaway	Thomas S. Murphy	0
Berkshire Hathaway	Charlie Munger	0
Berkshire Hathaway	Bill Gates	0
Berkshire Hathaway	Howard Graham Buffett	0
Berkshire Hathaway	Warren Buffett	0
Berkshire Hathaway	David Gottesman	0
Apple Inc.	Ronald Wayne	1
Apple Inc.	Steve Jobs	1
Apple Inc.	Steve Wozniak	1
Apple Inc.	Scott Forstall	0
Apple Inc.	Betsy Rafael	0
Apple Inc.	John Sculley	0
Apple Inc.	Michael Scott	0
Apple Inc.	Eric Schmidt	0
Apple Inc.	Andrea Jung	0
Apple Inc.	Larry Ellison	0
Apple Inc.	Bertrand Serlet	0
Apple Inc.	Luca Maestri	0
Apple Inc.	Daniel Cooperman	0
Apple Inc.	Gil Amelio	0
Apple Inc.	Mickey Drexler	0
Apple Inc.	Donald T. Valentine	0
Apple Inc.	Susan L Wagner	0
Apple Inc.	Mike Markkula	0
Apple Inc.	Michael Spindler	0
Apple Inc.	William Campbell	0
Apple Inc.	Arthur D. Levinson	0
Apple Inc.	Al Gore	0
Apple Inc.	Tim Cook	0
Apple Inc.	Angela Ahrendts	0
Apple Inc.	Ron Johnson	0
Apple Inc.	Jerry York	0
Apple Inc.	Phil Schlein	0
AXA	Claude Bébéar	1
AXA	Michel Pébereau	0
AXA	Jacques de Chateauvieux	0
AXA	Jean-Martin Folz	0
AXA	Dominique Reiniche	0
AXA	Suet-Fern Lee	0
AXA	Denis Duverne	0
AXA	Giuseppe Mussari	0
AXA	Norbert Dentressangle	0
AXA	Isabelle Kocher	0
AXA	Ezra Suleiman	0
AXA	Wendy Cooper	0
AXA	Anthony Hamilton	0
AXA	Ramon De Oliveira	0
AXA	Henri de Castries	0
AXA	François Martineau	0
Gazprom	Viktor Chernomyrdin	1
Gazprom	Alexey Miller	0
Gazprom	Boris Fyodorov	0
Phillips 66	Frank Phillips	1
Phillips 66	Greg C. Garland	0
General Motors	Charles Stewart Mott	1
General Motors	William C. Durant	1
General Motors	Carl-Peter Forster	0
General Motors	Kent Kresa	0
General Motors	Kathryn V. Marinello	0
General Motors	John H. Bryan	0
General Motors	Frederick A. Henderson	0
General Motors	G. Richard Wagoner, Jr.	0
General Motors	Erroll B. Davis Jr.	0
General Motors	George M. C. Fisher	0
General Motors	Armando Codina	0
General Motors	Alan G. Lafley	0
General Motors	Percy Barnevik	0
General Motors	Ellen J. Kullman	0
General Motors	Walter G. Borst	0
General Motors	Daniel Akerson	0
General Motors	Erskine Bowles	0
General Motors	Chris Gubbey	0
General Motors	Karen L. Katen	0
General Motors	Mary T. Barra	0
General Motors	Jerry York	0
General Motors	Bob Lutz	0
General Motors	Eckhard Pfeiffer	0
General Motors	Philip A. Laskawy	0
Eni	Enrico Mattei	1
Eni	Claudio Descalzi	0
Eni	Paolo Scaroni	0
Ford Motor Company	Henry Ford	1
Ford Motor Company	Harold Arthur Poling	0
Ford Motor Company	Edsel Ford	0
Ford Motor Company	Stephen G. Butler	0
Ford Motor Company	Alan Mulally	0
Ford Motor Company	William Clay Ford, Jr.	0
Ford Motor Company	Ellen R. Marram	0
Ford Motor Company	Mei Wei Cheng	0
Ford Motor Company	Alexander Trotman	0
Ford Motor Company	Henry Ford II	0
Ford Motor Company	Greg C. Smith	0
Ford Motor Company	Irvine O. Hockaday Jr.	0
Ford Motor Company	Michael E Bannister	0
Ford Motor Company	Mark Fields	0
Ford Motor Company	Jacques Nasser	0
Ford Motor Company	John S. Gray	0
Ford Motor Company	Jorma Ollila	0
Ford Motor Company	John G. Parker	0
Ford Motor Company	William Clay Ford, Sr.	0
Ford Motor Company	Richard Manoogian	0
Ford Motor Company	Gerald L. Shaheen	0
Ford Motor Company	Philip Caldwell	0
Ford Motor Company	Donald Petersen	0
Ford Motor Company	Robert Rubin	0
Ford Motor Company	Peter J. Daniel	0
Ford Motor Company	Edward E. Hagenlocker	0
Ford Motor Company	John R. H. Bond	0
Ford Motor Company	John Fleming	0
Ford Motor Company	John L. Thornton	0
Ford Motor Company	Dick Gephardt	0
Ford Motor Company	Bob Lutz	0
Ford Motor Company	Kimberly Casiano	0
Ford Motor Company	Edsel Ford II	0
Ford Motor Company	Homer A. Neal	0
General Electric	Elihu Thomson	1
General Electric	Thomas Edison	1
General Electric	Edwin J. Houston	1
General Electric	Douglas A. Warner III	0
General Electric	Jack Welch	0
General Electric	Jeffrey R. Immelt	0
General Electric	John D. Opie	0
General Electric	Mei Wei Cheng	0
General Electric	Mike S. Zafirovski	0
General Electric	Bob Wright	0
General Electric	Pamela Daley	0
General Electric	Andrea Jung	0
General Electric	John F Lynch	0
General Electric	Ralph S. Larsen	0
General Electric	Roger Penske	0
General Electric	Claudio X. Gonzalez	0
General Electric	Rochelle B Lazarus	0
General Electric	Ann M. Fudge	0
General Electric	Alan G. Lafley	0
General Electric	Keith S. Sherin	0
General Electric	Kathryn A Cassidy	0
General Electric	Susan Hockfield	0
General Electric	James Mulva	0
General Electric	Yoshiaki Fujimori	0
General Electric	Sam Nunn	0
General Electric	Ronald R. Pressman	0
General Electric	John G. Rice	0
General Electric	Robert W. Lane	0
General Electric	William Castell	0
General Electric	Michael A. Neal	0
General Electric	Lloyd G. Trotter	0
General Electric	Robert J. Swieringa	0
General Electric	James Cash, Jr.	0
General Electric	Gary L. Rogers	0
Petrobras	Getúlio Vargas	1
Petrobras	Maria das Graças Silva Foster	0
McKesson Corporation	John McKesson	1
McKesson Corporation	Charles Olcott	1
McKesson Corporation	David M. Lawrence	0
McKesson Corporation	Andy D. Bryant	0
McKesson Corporation	Alton F. Irby III	0
McKesson Corporation	M. Christine Jacobs	0
McKesson Corporation	Richard F. Syron	0
McKesson Corporation	Wayne A. Budd	0
McKesson Corporation	Randall N. Spratt	0
McKesson Corporation	Robert W. Matschullat	0
McKesson Corporation	Marie L. Knowles	0
McKesson Corporation	David S. Pottruck	0
McKesson Corporation	John H. Hammergren	0
McKesson Corporation	James V. Napier	0
McKesson Corporation	Edward A. Mueller	0
McKesson Corporation	Jane E. Shaw	0
Allianz	Wilhelm von Finck	1
Allianz	Carl von Thieme	1
Allianz	Michael Diekmann	0
Hon Hai Precision Industry Co., Ltd.	Terry Gou	1
AT&T	Alexander Graham Bell	1
AT&T	Richard Lindner	0
AT&T	Jaime Chico /fa Pardo	0
AT&T	S. Donley Ritchey Jr.	0
AT&T	Rayford Wilkins Jr	0
AT&T	Reuben V. Anderson	0
AT&T	Jon C. Madonna	0
AT&T	James A. Henderson	0
AT&T	Catherine M. Coughlin	0
AT&T	John T. Stankey	0
AT&T	Forrest E. Miller	0
AT&T	Martin K. Eby, Jr.	0
AT&T	Edward Whitacre, Jr.	0
AT&T	John B. McCoy	0
AT&T	William A. Blase Jr	0
AT&T	Charles F. Knight	0
AT&T	James H Blanchard	0
AT&T	James W. Callaway	0
AT&T	David W Dorman	0
AT&T	Mary S. Metz	0
AT&T	Shirley Ann Jackson	0
AT&T	Patricia P. Upton	0
AT&T	William F. Aldinger III	0
AT&T	Lynn Morley Martin	0
AT&T	Laura Tyson	0
AT&T	Randall L. Stephenson	0
AT&T	August Busch III	0
AT&T	Ronald Spears	0
AT&T	Donald W Watts	0
AT&T	Gil Amelio	0
AT&T	James P. Kelly	0
AT&T	Joyce M. Roche	0
Pemex	Lázaro Cárdenas	1
Pemex	Juan José Suárez Coppel	0
Pemex	Emilio Lozoya Austin	0
Fannie Mae	Franklin D. Roosevelt	1
Fannie Mae	Joe K Pickett	0
Fannie Mae	John C. Sites Jr.	0
Fannie Mae	John K. Wulff	0
Fannie Mae	James A. Johnson	0
Fannie Mae	Bridget A. Macaskill	0
Fannie Mae	Karen N. Horn	0
Fannie Mae	Daniel Mudd	0
Fannie Mae	Brenda J. Gaines	0
Fannie Mae	Michael J Williams	0
Fannie Mae	Kenneth M. Duberstein	0
Fannie Mae	H. Patrick Swygert	0
Fannie Mae	Leslie Rahl	0
Fannie Mae	Thomas P. Gerrity	0
Fannie Mae	Stephen B. Ashley	0
Fannie Mae	Louis J. Freeh	0
Fannie Mae	Kenneth J. Bacon	0
Fannie Mae	Dennis R. Beresford	0
Fannie Mae	Greg C. Smith	0
Fannie Mae	Timothy J. Mayopoulos	0
Lukoil	Vagit Alekperov	1
Honda Motor Company, Ltd	Soichiro Honda	1
Honda Motor Company, Ltd	Takeo Fujisawa	1
Honda Motor Company, Ltd	Takanobu Ito	0
Honda Motor Company, Ltd	Koichi Kondo	0
Agricultural Bank of China	Mao Zedong	1
ING Group	NMB Postbank	1
ING Group	Nationale-Nederlanden	1
ING Group	Jan Hommen	0
ING Group	Ralph Hamers	0
Hewlett-Packard	David Packard	1
Hewlett-Packard	William Redington Hewlett	1
Hewlett-Packard	Marc Andreessen	0
Hewlett-Packard	Meg Whitman	0
Hewlett-Packard	Richard A. Hackborn	0
Hewlett-Packard	John R. Joyce	0
Hewlett-Packard	Joel Z. Hyatt	0
Hewlett-Packard	Michael J. Holston	0
Hewlett-Packard	Ann M. Livermore	0
Hewlett-Packard	James T Murrin	0
Hewlett-Packard	Robert L. Ryan	0
Hewlett-Packard	Michael Capellas	0
Hewlett-Packard	Sam Ginn	0
Hewlett-Packard	Mark V. Hurd	0
Hewlett-Packard	Shane V. Robison	0
Hewlett-Packard	Todd Bradley	0
Hewlett-Packard	Condoleezza Rice	0
Hewlett-Packard	Lucille S. Salhany	0
Hewlett-Packard	David M. Lawrence	0
Hewlett-Packard	Robert Wayman	0
Hewlett-Packard	Lawrence T. Babbio, Jr.	0
Hewlett-Packard	Jon E. Flaxman	0
Hewlett-Packard	Marcela Perez de Alonso	0
Hewlett-Packard	Thomas Perkins	0
Hewlett-Packard	Léo Apotheker	0
Hewlett-Packard	Randall D. Mott	0
Hewlett-Packard	Yasuki Kurosawa	0
Hewlett-Packard	Sari M. Baldauf	0
Hewlett-Packard	John H. Hammergren	0
Hewlett-Packard	G. Kennedy Thompson	0
Siemens	Werner von Siemens	1
Siemens	Peter Löscher	0
Siemens	Joe Kaeser	0
Costco	James Sinegal	1
Costco	Jeffrey H. Brotman	1
Costco	Douglas W. Schutt	0
Costco	Thomas Kirk Walker	0
Costco	Susan Decker	0
Costco	Richard D. DiCerchio	0
Costco	Richard Galanti	0
Costco	William H. Gates, Sr.	0
Costco	W. Craig Jelinek	0
Costco	Dennis R. Zook	0
Costco	Ben Carson	0
Costco	Joseph P. Portera	0
Costco	Jill S. Ruckelshaus	0
Costco	Charlie Munger	0
Costco	John W. Meisenbach	0
Costco	Daniel J. Evans	0
Costco	Richard M. Libenson	0
Costco	Hamilton E James	0
Nissan Motor Co., Ltd.	Yoshisuke Aikawa	1
Nissan Motor Co., Ltd.	Masujiro Hashimoto	1
Nissan Motor Co., Ltd.	Meitaro Takeuchi	1
Nissan Motor Co., Ltd.	Kenjiro Den	1
Nissan Motor Co., Ltd.	Rokuro Aoyama	1
Nissan Motor Co., Ltd.	Carlos Ghosn	0
Nissan Motor Co., Ltd.	Andy Palmer	0
Tesco PLC	Jack Cohen	1
Tesco PLC	Ken Hydon	0
Tesco PLC	Andrew Higginson	0
Tesco PLC	David Reid	0
Tesco PLC	Dave Lewis	0
Tesco PLC	Karen Cook	0
Tesco PLC	Rodney F. Chase	0
Tesco PLC	Philip Clarke	0
Tesco PLC	Harald Einsmann	0
Tesco PLC	Carolyn McCall	0
Tesco PLC	Jonathan Lloyd	0
Tesco PLC	Terry Leahy	0
Tesco PLC	Richard Brasher	0
Tesco PLC	Tim Mason	0
Tesco PLC	David Potts	0
Tesco PLC	Mervyn Davies, Baron Davies of Abersoch	0
Tesco PLC	Charles Allen CBE	0
Tesco PLC	Lucy Neville - Rolfe CMG	0
Carrefour	Denis Defforey	1
Carrefour	Jacques Defforey	1
Carrefour	Marcel Fournier	1
Carrefour	Georges Plassat	0
Carrefour	Jean-François Pagnoux	0
Bank of America Corporation	Amadeo Giannini	1
Bank of America Corporation	Charles O. Rossotti	0
Bank of America Corporation	Jackie M. Ward	0
Bank of America Corporation	John T. Collins	0
Bank of America Corporation	W. Steven Jones	0
Bank of America Corporation	Patricia E. Mitchell	0
Bank of America Corporation	D Paul Jones Jr	0
Bank of America Corporation	William P Boardman	0
Bank of America Corporation	Charles K. Gifford	0
Bank of America Corporation	Joe L. Price	0
Bank of America Corporation	Samuel H. Armacost	0
Bank of America Corporation	James H. Hance Jr.	0
Bank of America Corporation	Robert L. Tillman	0
Bank of America Corporation	Brian T.  Moynihan	0
Bank of America Corporation	Solomon Trujillo	0
Bank of America Corporation	John Thain	0
Bank of America Corporation	Monica C. Lozano	0
Bank of America Corporation	Robert W. Frick	0
Bank of America Corporation	Thomas J.  May	0
Bank of America Corporation	Tommy Franks	0
Bank of America Corporation	O.Temple Sloan Jr.	0
Bank of America Corporation	Frank P. Bramble	0
Bank of America Corporation	Ken Lewis	0
Bank of America Corporation	Walter E. Massey	0
Bank of America Corporation	William Barnet III	0
Bank of America Corporation	Meredith R. Spangler	0
Bank of America Corporation	Gary L. Countryman	0
Bank of America Corporation	Thomas M. Ryan	0
Cardinal Health	Robert D. Walter	1
Cardinal Health	Jean G. Spaulding	0
Cardinal Health	John B. McCoy	0
Cardinal Health	David W. Raisbeck	0
Cardinal Health	George H. Conrades	0
Cardinal Health	Robert L Gerbig	0
Cardinal Health	J. Michael Losh	0
Cardinal Health	Matthew D Walter	0
Cardinal Health	Michael D. O'Halleran	0
Cardinal Health	Calvin Darden	0
Cardinal Health	R. Kerry Clark	0
Cardinal Health	Bruce Downey	0
Cardinal Health	George S. Barrett	0
Cardinal Health	Glenn Britt	0
Cardinal Health	Gregory B. Kenny	0
Cardinal Health	Philip L. Francis	0
Cardinal Health	Colleen F. Arnold	0
Cardinal Health	John F. Finn	0
Cardinal Health	David L. Schlotterbeck	0
Cardinal Health	Richard C. Notebaert	0
Cardinal Health	Carrie Smith Cox	0
Cardinal Health	Michael A Lynch	0
BMW	Franz Josef Popp	1
BMW	Carl-Peter Forster	0
BMW	Arthur L. Kelly	0
BMW	Joachim Milberg	0
BMW	Norbert Reithofer	0
Petronas	Tengku Razaleigh Hamzah	1
Petronas	Tan Sri Dato' Shamsul Azhar Abbas	0
IBM	Thomas J. Watson	1
IBM	Charles Ranlett Flint	1
IBM	John R. Opel	0
IBM	James J Kavanaugh	0
IBM	Lucio A. Noto	0
IBM	Robert C. Weber	0
IBM	Jon C. Iwata	0
IBM	Alain J. P. Belda	0
IBM	Samuel J. Palmisano	0
IBM	James Owens	0
IBM	Cathie Black	0
IBM	Timothy S Shaughnessy	0
IBM	J. Randall MacDonald	0
IBM	Thomas Watson Jr.	0
IBM	Michael E. Daniels	0
IBM	Shirley Ann Jackson	0
IBM	Joan E. Spero	0
IBM	Sidney Taurel	0
IBM	Frank T. Cary	0
IBM	Michael L. Eskew	0
IBM	Lorenzo Zambrano	0
IBM	Kenneth I. Chenault	0
IBM	T. Vincent Learson	0
IBM	Lou Gerstner	0
IBM	William R. Brody	0
IBM	Ginni Rometty	0
IBM	John F. Akers	0
IBM	Mark Loughridge	0
IBM	Linda S. Sanford	0
Nestlé	Charles Page	1
Nestlé	George Page	1
Nestlé	Henri Nestlé	1
Nestlé	Paul Bulcke	0
Santander Group	Isabella II of Spain	1
Santander Group	Javier Marín	0
Santander Group	Ana Patricia Botin	0
Santander Group	Alfredo Sáenz Abad	0
Kroger	Bernard Kroger	1
Kroger	David Dillon	0
Kroger	Kathleen S. Barclay	0
Kroger	Paul J Scutt	0
Kroger	Susan J Kropf	0
Kroger	Steven Rogel	0
Kroger	J Michael Schlotman	0
Kroger	Donald E Becker	0
Kroger	John Clendenin	0
Kroger	Katherine D. Ortega	0
Kroger	Reuben V. Anderson	0
Kroger	Ronald Sargent	0
Kroger	Don W. McGeorge	0
Kroger	Rodney McMullen	0
Kroger	Robert D. Beyer	0
Kroger	John T Lamacchia	0
Kroger	David B Lewis	0
Kroger	Jorge P Montoya	0
Kroger	Joseph A. Pichler	0
Kroger	Scott M Henderson	0
Kroger	Bobby S. Shackouls	0
Kroger	Susan M. Phillips	0
Noble Group	Richard M. Elman	1
Noble Group	Yusuf Alireza	0
HSBC	Thomas Sutherland	1
HSBC	Siddharth N Mehta	0
HSBC	Martin J G Glynn	0
HSBC	Safra A. Catz	0
HSBC	Stephen Green, Baron Green of Hurstpierpoint	0
HSBC	Sandra L Derickson	0
HSBC	John R. H. Bond	0
HSBC	Stuart Gulliver	0
HSBC	Robert J. Darnall	0
Hitachi	Namihei Odaira	1
Hitachi	Hiroaki Nakanishi	0
Hitachi	Takashi Kawamura	0
Citigroup	John S. Reed	1
Citigroup	Sanford I. Weill	1
Citigroup	Franklin A. Thomas	0
Citigroup	Alberto J.  Verme	0
Citigroup	Robert L. Joss	0
Citigroup	Tim Collins	0
Citigroup	Andrew N. Liveris	0
Citigroup	Klaus Kleinfeld	0
Citigroup	Thomas W. Jones	0
Citigroup	Roberto Hernández Ramírez	0
Citigroup	Ajaypal Singh Banga	0
Citigroup	James A. Forese	0
Citigroup	Reuben Mark	0
Citigroup	Alain J. P. Belda	0
Citigroup	Vikram Pandit	0
Citigroup	William R. Rhodes	0
Citigroup	Robert L. Ryan	0
Citigroup	Ann Jordan	0
Citigroup	John C Gerspach	0
Citigroup	Jerry A. Grundhofer	0
Citigroup	C. Michael Armstrong	0
Citigroup	Richard Parsons	0
Citigroup	Lewis B. Kaden	0
Citigroup	Mary McDowell	0
Citigroup	Dudley Mecum	0
Citigroup	George David	0
Citigroup	Anne M. Mulcahy	0
Citigroup	Stephen R Volk	0
Citigroup	William J. Mills	0
Citigroup	John Havens	0
Citigroup	Robert Rubin	0
Citigroup	Kevin Kessinger	0
Citigroup	Charles Prince	0
Citigroup	Manuel Medina-Mora	0
Citigroup	Kenneth T. Derr	0
Citigroup	Robert B. Willumstad	0
Citigroup	Shengman Zhang	0
Citigroup	Judith Rodin	0
Citigroup	John M. Deutch	0
Citigroup	Michael  Corbat	0
Citigroup	Lawrence R Ricciardi	0
Citigroup	Robert I. Lipp	0
Citigroup	Carl E. Levinson	0
Citigroup	Winfried Bischoff	0
Citigroup	Diana L Taylor	0
Citigroup	Steven J. Freiberg	0
Archer Daniels Midland	Dwayne Andreas	1
Archer Daniels Midland	George A. Archer	1
Archer Daniels Midland	Ismael Roig	0
Archer Daniels Midland	Michael Lusk	0
Archer Daniels Midland	George W. Buckley	0
Archer Daniels Midland	Donald E. Felsinger	0
Archer Daniels Midland	Victoria F. Haynes	0
Archer Daniels Midland	Howard Graham Buffett	0
Archer Daniels Midland	Patrick J. Moore	0
Archer Daniels Midland	Craig E. Huss	0
Archer Daniels Midland	Ambrose Michael D	0
Archer Daniels Midland	Antonio Maciel Neto	0
Archer Daniels Midland	Mark N. Zenuk	0
Archer Daniels Midland	Mark J. Cheviron	0
Archer Daniels Midland	Dennis C Riddle	0
Archer Daniels Midland	Thomas F. O'neill	0
Archer Daniels Midland	Kevin Hess	0
Archer Daniels Midland	Mollie H. Carter	0
Archer Daniels Midland	Scott A Roney	0
Archer Daniels Midland	Brian Mulroney	0
Archer Daniels Midland	Mark Bemis	0
Archer Daniels Midland	Matthew J Jansen	0
Archer Daniels Midland	Kelvin R. Westbrook	0
Archer Daniels Midland	Alan L. Boeckmann	0
Archer Daniels Midland	Roger S Joslin	0
Archer Daniels Midland	Patricia A. Woertz	0
Archer Daniels Midland	O Glenn Webb	0
Wells Fargo	William Fargo	1
Wells Fargo	Henry Wells	1
Wells Fargo	Paul Hazen	0
Wells Fargo	Robert L. Joss	0
Wells Fargo	Donald B. Rice	0
Wells Fargo	Kevin A Rhein	0
Wells Fargo	Avid Modjtabai	0
Wells Fargo	Patricia R. Callahan	0
Wells Fargo	David A. Hoyt	0
Wells Fargo	Richard D. Levy	0
Wells Fargo	Mackey J. McDonald	0
Wells Fargo	Cynthia Milligan	0
Wells Fargo	Richard M. Kovacevich	0
Wells Fargo	John S. Chen	0
Wells Fargo	Nicholas Moore	0
Wells Fargo	Julie M. White	0
Wells Fargo	Carrie L. Tolstedt	0
Wells Fargo	Robert K. Steel	0
Wells Fargo	Mark C. Oman	0
Wells Fargo	Richard D. McCormick	0
Wells Fargo	Philip Quigley	0
Wells Fargo	Judith M. Runstad	0
Wells Fargo	William F. Aldinger III	0
Wells Fargo	James M. Strother	0
Wells Fargo	Michael W. Wright	0
Wells Fargo	John D. Baker II	0
Wells Fargo	Lloyd H. Dean	0
Wells Fargo	Howard I. Atkins	0
Wells Fargo	Stephen Sanger	0
Wells Fargo	Susan Swenson	0
Wells Fargo	Reatha Clark King	0
Wells Fargo	Donald M. James	0
Wells Fargo	Enrique Hernandez Jr.	0
Wells Fargo	Susan E. Engel	0
Wells Fargo	John G. Stumpf	0
Procter & Gamble	James Gamble	1
Procter & Gamble	William Procter	1
Procter & Gamble	Alan G. Lafley	0
Procter & Gamble	Maggie Wilderotter	0
Procter & Gamble	Rajat Gupta	0
Procter & Gamble	James M. Kilts	0
Procter & Gamble	John E. Pepper, Jr.	0
Procter & Gamble	Joseph T Gorman	0
Procter & Gamble	Steven W Jemison	0
Procter & Gamble	Evriviades D Panayotopoulos	0
Procter & Gamble	R. Kerry Clark	0
Procter & Gamble	Johnathan A. Rodgers	0
Procter & Gamble	Meg Whitman	0
Procter & Gamble	R. Keith Harrison Jr.	0
Procter & Gamble	Ernesto Zedillo	0
Procter & Gamble	Scott D. Cook	0
Procter & Gamble	Norman R. Augustine	0
Procter & Gamble	Susan Arnold	0
Procter & Gamble	Lynn Morley Martin	0
Procter & Gamble	John F. Smith, Jr.	0
Procter & Gamble	Kenneth I. Chenault	0
Procter & Gamble	Ralph Snyderman	0
Procter & Gamble	James McNerney	0
Procter & Gamble	Filippo Passerini	0
Procter & Gamble	Robert A. McDonald	0
Procter & Gamble	Bruce L Byrnes	0
Procter & Gamble	Charles R. Lee	0
Procter & Gamble	Patricia A. Woertz	0
Prudential Financial	John F. Dryden	1
Prudential Financial	Gilbert F. Casellas	0
Prudential Financial	John Strangfeld	0
Prudential Financial	Karl J. Krapek	0
Prudential Financial	Gordon M. Bethune	0
Prudential Financial	Mark B Grier	0
Prudential Financial	James Cullen	0
Prudential Financial	James A. Unruh	0
Prudential Financial	Constance J. Horner	0
Prudential Financial	Jon F. Hanson	0
Prudential Financial	William H. Gray III	0
Prudential Financial	Gaston Caperton	0
Prudential Financial	Christine A. Poon	0
Prudential Financial	Peter B Sayre	0
Prudential Financial	Garnett L. Keith Jr.	0
Prudential Financial	Arthur F. Ryan	0
Prudential Financial	Frederic K Becker	0
Prudential Financial	Thomas S. Johnson	0
Hyundai Motor Company	Chung Ju-yung	1
Hyundai Motor Company	Kim Eok-jo	0
Hyundai Motor Company	Chung Mong-koo	0
Hyundai Motor Company	Gap Han Yoon	0
Hyundai Motor Company	Choong Ho Kim	0
ArcelorMittal	Lakshmi Mittal	1
ArcelorMittal	Jeannot Krecké	0
ArcelorMittal	François Pinault	0
ArcelorMittal	Prince Guillaume of Luxembourg	0
ArcelorMittal	Lewis B. Kaden	0
ArcelorMittal	Vanisha Mittal	0
ArcelorMittal	Wilbur Ross	0
ArcelorMittal	Narayanan Vaghul	0
ArcelorMittal	Antoine Spillmann	0
The Home Depot	Arthur Blank	1
The Home Depot	Bernard Marcus	1
The Home Depot	David H. Batchelder	0
The Home Depot	Frank Blake	0
The Home Depot	Jack A. Vanwoerkom	0
The Home Depot	Claudio X. Gonzalez	0
The Home Depot	Kenneth Langone	0
The Home Depot	Angelo Mozilo	0
The Home Depot	F. Duane Ackerman	0
The Home Depot	Leipold Helen P Johnson	0
The Home Depot	Armando Codina	0
The Home Depot	Ari Bousbib	0
The Home Depot	Gregory D. Brenneman	0
The Home Depot	Robert Nardelli	0
The Home Depot	John Clendenin	0
The Home Depot	Brian C. Cornell	0
The Home Depot	Bonnie G. Hill	0
The Home Depot	Tim Crow	0
The Home Depot	Donald Keough	0
The Home Depot	Albert P. Carey	0
The Home Depot	Karen L. Katen	0
The Home Depot	Laban Jackson	0
The Home Depot	Tom Ridge	0
The Home Depot	Milledge Hart	0
The Home Depot	Lawrence R Johnston	0
The Home Depot	Craig A. Menear	0
The Home Depot	Paul Raines	0
Microsoft Corporation	Bill Gates	1
Microsoft Corporation	Paul Allen	1
Microsoft Corporation	Chris Liddell	0
Microsoft Corporation	Peter Klein	0
Microsoft Corporation	Helmut Panke	0
Microsoft Corporation	Raymond Gilmartin	0
Microsoft Corporation	Jon Shirley	0
Microsoft Corporation	Dina Dublon	0
Microsoft Corporation	Reed Hastings	0
Microsoft Corporation	Richard A. Hackborn	0
Microsoft Corporation	Satya Nadella	0
Microsoft Corporation	Steve Ballmer	0
Microsoft Corporation	Frank H Brod	0
Microsoft Corporation	Robert J. Bach	0
Microsoft Corporation	John W. Thompson	0
Microsoft Corporation	Craig Mundie	0
Microsoft Corporation	Mason Morfit	0
Microsoft Corporation	Maria Klawe	0
Microsoft Corporation	David Marquardt	0
Microsoft Corporation	Amy Hood	0
Microsoft Corporation	Charles Noski	0
Microsoft Corporation	James Cash, Jr.	0
Microsoft Corporation	Stephen Elop	0
Panasonic Corporation	Konosuke Matsushita	1
Panasonic Corporation	Kazuhiro Tsuga	0
Amazon.com	Jeff Bezos	1
Amazon.com	Patricia Q.  Stonesifer	0
Amazon.com	John Seely Brown	0
Amazon.com	Michelle Wilson	0
Amazon.com	Diego Piacentini	0
Amazon.com	John Doerr	0
Amazon.com	Marc Onetto	0
Amazon.com	Shelley Reynolds	0
Amazon.com	Thomas O. Ryder	0
Amazon.com	Jeffrey Blackburn	0
Amazon.com	Jeffrey A. Wilke	0
Amazon.com	Tom A. Alberg	0
Amazon.com	Andrew Jassy	0
Amazon.com	Bing Gordon	0
Amazon.com	Joy Covey	0
Amazon.com	Myrtle S. Potter	0
Amazon.com	Alain Monié	0
Reliance Industries	Dhirubhai Ambani	1
Reliance Industries	Mukesh Ambani	0
Reliance Industries	Dipak C. Jain	0
Target Corporation	George Dayton	1
Target Corporation	Terrence J. Scully	0
Target Corporation	Gregg W. Steinhafel	0
Target Corporation	Kathryn A Tesija	0
Target Corporation	John Mulligan	0
Target Corporation	Roxanne S Austin	0
Target Corporation	Richard M. Kovacevich	0
Target Corporation	Marvin  R. Ellison	0
Target Corporation	Solomon Trujillo	0
Target Corporation	Robert J. Ulrich	0
Target Corporation	Calvin Darden	0
Target Corporation	Stephen Sanger	0
Target Corporation	Mary N. Dillon	0
Target Corporation	Anne M. Mulcahy	0
Target Corporation	Brian C. Cornell	0
Target Corporation	Derica W. Rice	0
Target Corporation	James A. Johnson	0
Target Corporation	Mary E. Minnick	0
Target Corporation	George W. Tamke	0
Target Corporation	William W. George	0
Target Corporation	Warren Staley	0
Target Corporation	Timothy R. Baer	0
Walgreens	Charles Rudolph Walgreen	1
Walgreens	James J Howard	0
Walgreens	John W Spina	0
Walgreens	James A Skinner	0
Walgreens	Alejandro Silva	0
Walgreens	Mia M Scholz	0
Walgreens	Mark A Wagner	0
Walgreens	Mark Frissora	0
Walgreens	Sona Chawla	0
Walgreens	Charles R Walgreen III	0
Walgreens	David Vanhowe	0
Walgreens	David Y. Schwartz	0
Walgreens	Jeffrey Rein	0
Walgreens	Steven A. Davis	0
Walgreens	Nancy M Schlichting	0
Walgreens	Marilou Von Ferstel	0
Walgreens	Alan G Mcnally	0
Walgreens	William C Foote	0
Walgreens	Cordell Reed	0
Walgreens	Gregory D Wasson	0
Walgreens	David W. Bernauer	0
Walgreens	Chester G Young	0
Walgreens	J. Randolph (Randy) Lewis	0
Peugeot	Armand Peugeot	1
Peugeot	Philippe Varin	0
Peugeot	Maxime Picat	0
Johnson & Johnson	Edward Mead Johnson	1
Johnson & Johnson	Robert Wood Johnson I	1
Johnson & Johnson	James Wood Johnson	1
Johnson & Johnson	Robert J. Darretta, Jr.	0
Johnson & Johnson	Alex Gorsky	0
Johnson & Johnson	Sherilyn S. McCoy	0
Johnson & Johnson	James Cullen	0
Johnson & Johnson	Arnold G Langbo	0
Johnson & Johnson	Ann Jordan	0
Johnson & Johnson	Mary Sue Coleman	0
Johnson & Johnson	Ralph S. Larsen	0
Johnson & Johnson	Thomas S. Murphy	0
Johnson & Johnson	Kaye I. Foster-Cheek	0
Johnson & Johnson	William C. Weldon	0
Johnson & Johnson	Russell C. Deyo	0
Johnson & Johnson	Susan Lindquist	0
Johnson & Johnson	Steven S. Reinemund	0
Johnson & Johnson	Nicholas J. Valeriani	0
Johnson & Johnson	Charles Prince	0
Johnson & Johnson	Christine A. Poon	0
Johnson & Johnson	David Satcher	0
Johnson & Johnson	Michael M. E. Johns	0
Johnson & Johnson	William D. Perez	0
Johnson & Johnson	Colleen A. Goggins	0
Johnson & Johnson	Leo F. Mullin	0
American International Group	Cornelius Vander Starr	1
American International Group	Bob Benmosche	0
American International Group	Ellen V. Futter	0
American International Group	Suzanne Nora Johnson	0
American International Group	Martin Feldstein	0
American International Group	Edmund Tse	0
American International Group	Richard Holbrooke	0
American International Group	Robert B. Willumstad	0
American International Group	George L. Miles	0
American International Group	David L Herzog	0
American International Group	James F. Orr III	0
American International Group	Stephen L. Hammerman	0
American International Group	Ginni Rometty	0
American International Group	Fred H. Langhammer	0
American International Group	Martin J. Sullivan	0
American International Group	Stephen F. Bollenbach	0
American International Group	Frank Zarb	0
American International Group	Morris W. Offit	0
American International Group	Michael H Sutton	0
American International Group	Marshall A. Cohen	0
State Farm Insurance	George J. Mecherle	1
State Farm Insurance	Michael L. Tipsord	0
State Farm Insurance	Michael C. Davidson	0
State Farm Insurance	Christopher C. DeMuth	0
State Farm Insurance	Susan M. Phillips	0
State Farm Insurance	Gerald M. Czarnecki	0
State Farm Insurance	Pamela B. Strobel	0
State Farm Insurance	Edward B. Rust, Jr.	0
State Farm Insurance	Paul T. Stecko	0
State Farm Insurance	Judith A. Muhlberg	0
State Farm Insurance	John D. Zeglis	0
State Farm Insurance	W. H. Knight Jr.	0
State Farm Insurance	James E. Rutrough	0
State Farm Insurance	Jerry I. Porras	0
MetLife Inc	William P. Stewart	1
MetLife Inc	William J Wheeler	0
MetLife Inc	John R. Stafford	0
MetLife Inc	Maria R Morris	0
MetLife Inc	Charles M Leighton	0
MetLife Inc	Cheryl W Grise	0
MetLife Inc	David Satcher	0
MetLife Inc	Catherine R. Kinney	0
MetLife Inc	James L Lipscomb	0
MetLife Inc	Kenton J. Sicchitano	0
MetLife Inc	Glenn Hubbard	0
MetLife Inc	Steven A. Kandarian	0
MetLife Inc	Hugh B. Price	0
MetLife Inc	C. Robert Henrikson	0
MetLife Inc	James R. Houghton	0
MetLife Inc	William C. Steere Jr.	0
MetLife Inc	Helene L Kaplan	0
MetLife Inc	James M. Kilts	0
MetLife Inc	Eduardo Castro-Wright	0
MetLife Inc	Jack Keane	0
MetLife Inc	Burton A Dole Jr	0
SoftBank	Masayoshi Son	1
PepsiCo	Donald M. Kendall	1
PepsiCo	Herman Lay	1
PepsiCo	Franklin A. Thomas	0
PepsiCo	Daniel Vasella	0
PepsiCo	Craig E. Weatherup	0
PepsiCo	Ian M. Cook	0
PepsiCo	Lionel L. Nowell III	0
PepsiCo	Sharon Percy Rockefeller	0
PepsiCo	Irene Rosenfeld	0
PepsiCo	Dina Dublon	0
PepsiCo	John C. Compton	0
PepsiCo	Lloyd G. Trotter	0
PepsiCo	Hugh F Johnston	0
PepsiCo	Steven S. Reinemund	0
PepsiCo	Alberto Ibargüen	0
PepsiCo	Solomon Trujillo	0
PepsiCo	Larry D. Thompson	0
PepsiCo	Karl von der Heyden	0
PepsiCo	Victor J. Dzau	0
PepsiCo	Michael D. White	0
PepsiCo	Ray L. Hunt	0
PepsiCo	Indra Nooyi	0
PepsiCo	Arthur C. Martinez	0
PepsiCo	Shona Brown	0
PepsiCo	James J. Schiro	0
PepsiCo	Robert Eugene Allen	0
Itaú Unibanco	Walter Moreira Salles	1
Itaú Unibanco	Roberto Setubal	0
Unilever	William Lever, 2nd Viscount Leverhulme	1
Unilever	Antonius Johannes Jurgens	1
Unilever	Samuel van den Bergh	1
Unilever	William Lever, 1st Viscount Leverhulme	1
Unilever	Sanjay Khosla	0
Unilever	Paul Polman	0
Unilever	Rudy Markham	0
Vodafone Group Plc	Ernest Harrison	1
Vodafone Group Plc	Gerry Whent	1
Vodafone Group Plc	Paul Hazen	0
Vodafone Group Plc	Anne Lauvergeon	0
Vodafone Group Plc	Sir Christopher Gent	0
Vodafone Group Plc	Sam Ginn	0
Vodafone Group Plc	Gerard Kleisterlee	0
Vodafone Group Plc	John R. H. Bond	0
Vodafone Group Plc	Vittorio Colao	0
Vodafone Group Plc	Arun Sarin	0
Toshiba	Tanaka Hisashige	1
Toshiba	Hisao Tanaka	0
Toshiba	Norio Sasaki	0
Comcast	Julian A. Brodsky	1
Comcast	Edward Rex	1
Comcast	Ralph J. Roberts	1
Comcast	Daniel Aaron	1
Comcast	S. Decker Anstrom	0
Comcast	Michael I. Sovern	0
Comcast	Edward D. Breen	0
Comcast	Stephen B. Burke	0
Comcast	Lawrence J. Salva	0
Comcast	Arthur R. Block	0
Comcast	Brian L. Roberts	0
Comcast	C. Michael Armstrong	0
Comcast	Judith Rodin	0
Comcast	Jeffrey A. Honickman	0
Comcast	Sheldon M. Bonovitz	0
Comcast	J. Michael Cook	0
Comcast	Gerald Hassell	0
Comcast	Joseph J. Collins	0
Comcast	Kenneth J. Bacon	0
Aegon N.V.	Ennia N.V.	1
Aegon N.V.	AGO Holding N.V.	1
Aegon N.V.	William R. Brody	0
Aegon N.V.	Alexander R. Wynaendts	0
Aegon N.V.	Frank C. Herringer	0
Auchan	Gérard Mulliez	1
United Technologies Corporation	Frederick Rentschler	1
United Technologies Corporation	Andre F H Villeneuve	0
United Technologies Corporation	Jamie Gorelick	0
United Technologies Corporation	Geraud Darnis	0
United Technologies Corporation	Jeffrey P Pino	0
United Technologies Corporation	Christine Todd Whitman	0
United Technologies Corporation	George David	0
United Technologies Corporation	Frank Popoff	0
United Technologies Corporation	Richard Myers	0
United Technologies Corporation	Charles R. Lee	0
United Technologies Corporation	Harold A Wagner	0
United Technologies Corporation	Jean Pierre Garnier	0
United Technologies Corporation	John V. Faraci	0
United Technologies Corporation	Ari Bousbib	0
United Technologies Corporation	Didier Michaud-daniel	0
United Technologies Corporation	Richard D. McCormick	0
United Technologies Corporation	Harold McGraw III	0
United Technologies Corporation	H. Patrick Swygert	0
United Technologies Corporation	Thomas I Rogan	0
United Technologies Corporation	Stephen F. Page	0
United Technologies Corporation	Louis R. Chênevert	0
Bosch	Robert Bosch	1
Bosch	Arthur L. Kelly	0
Bosch	Volkmar Denner	0
CITIC Group	Rong Yiren	1
Google	Larry Page	1
Google	Sergey Brin	1
Google	Patrick Pichette	0
Google	Ann Mather	0
Google	Shirley M. Tilghman	0
Google	Nikesh Arora	0
Google	John Doerr	0
Google	David Drummond	0
Google	John L. Hennessy	0
Google	Ram Shriram	0
Google	Vic Gundotra	0
Google	Paul Otellini	0
Google	Eric Schmidt	0
Deutsche Bank	Adelbert Delbrück	1
Deutsche Bank	Adolph vom Rath	1
Deutsche Bank	Hermann Zwicker	1
Deutsche Bank	Victor Freiherr von Magnus	1
Deutsche Bank	Ludwig Bamberger	1
Deutsche Bank	Gustav Müller	1
Deutsche Bank	Gustav Kutter	1
Deutsche Bank	Heinrich von Hardt	1
Deutsche Bank	Anton Adelssen	1
Deutsche Bank	Juergen Fitschen	0
Deutsche Bank	Eckhard Pfeiffer	0
Deutsche Bank	Josef Ackermann	0
Deutsche Bank	Anshu Jain	0
ConocoPhillips	Isaac E. Blake	1
ConocoPhillips	Frank Phillips	1
ConocoPhillips	L.E. Phillips	1
ConocoPhillips	Tan Sri Mohd Hassan Marican	0
ConocoPhillips	Jody Freeman	0
ConocoPhillips	James E. Copeland, Jr.	0
ConocoPhillips	William K. Reilly	0
ConocoPhillips	William E. Wade Jr.	0
ConocoPhillips	Richard Armitage	0
ConocoPhillips	Robert A. Niblock	0
ConocoPhillips	Richard H. Auchinleck	0
ConocoPhillips	Harald Norvik	0
ConocoPhillips	Ryan M. Lance	0
Barclays PLC	John Freame	1
Barclays PLC	Thomas Gould	1
Barclays PLC	Robert K. Steel	0
Barclays PLC	Antony Jenkins	0
Maersk	Arnold Peter Møller	1
Maersk	Mærsk Mc-Kinney Møller	0
Maersk	Nils S. Andersen	0
Maersk	John R. H. Bond	0
Dow Chemical Company	Herbert Henry Dow	1
Dow Chemical Company	Paul G Stern	0
Dow Chemical Company	Michael R Gambrell	0
Dow Chemical Company	Andrew N. Liveris	0
Dow Chemical Company	Carol A Dudley	0
Dow Chemical Company	John B. Hess	0
Dow Chemical Company	Geoffery Merszei	0
Dow Chemical Company	Dennis H. Reilley	0
Dow Chemical Company	Ruth G. Shaw	0
Dow Chemical Company	Barbara Franklin	0
Dow Chemical Company	Jeff M Fettig	0
Dow Chemical Company	J. Michael Cook	0
Dow Chemical Company	James M Ringler	0
Dow Chemical Company	James A. Bell	0
Dow Chemical Company	Pedro Reinhard	0
Dow Chemical Company	Jacqueline Barton	0
Dow Chemical Company	Arnold A Allemang	0
POSCO	Park Tae-joon	1
POSCO	Chung Joon-yang	0
POSCO	Oh Joon-Kwon	0
Saint-Gobain	Jean-Baptiste Colbert	1
Saint-Gobain	Pierre-André de Chalendar	0
Caterpillar Inc.	Benjamin Holt	1
Caterpillar Inc.	Daniel Best	1
Caterpillar Inc.	James Owens	0
Caterpillar Inc.	Steven H. Wunning	0
Caterpillar Inc.	Peter A. Magowan	0
Caterpillar Inc.	Stuart L. Levenick	0
Caterpillar Inc.	Juan Gallardo	0
Caterpillar Inc.	W. Frank Blount	0
Caterpillar Inc.	Edward J Rapp	0
Caterpillar Inc.	Edward B. Rust, Jr.	0
Caterpillar Inc.	John T. Dillon	0
Caterpillar Inc.	David B Burritt	0
Caterpillar Inc.	Gail D. Fosler	0
Caterpillar Inc.	Joshua I. Smith	0
Caterpillar Inc.	Charles Powell, Baron Powell of Bayswater	0
Caterpillar Inc.	Eugene V. Fife	0
Caterpillar Inc.	David R. Goode	0
Caterpillar Inc.	James B. Buda	0
Caterpillar Inc.	Daniel M Dickinson	0
Caterpillar Inc.	Douglas R Oberhelman	0
Caterpillar Inc.	William A. Osborn	0
Caterpillar Inc.	John R. Brazil	0
United Parcel Service	James E. Casey	1
United Parcel Service	Stuart E. Eizenstat	0
United Parcel Service	Victor A. Pelson	0
United Parcel Service	John J. Mcdevitt	0
United Parcel Service	Michael J. Burns	0
United Parcel Service	John W. Thompson	0
United Parcel Service	Carol B. Tomé	0
United Parcel Service	Ann M. Livermore	0
United Parcel Service	F. Duane Ackerman	0
United Parcel Service	David A. Barnes	0
United Parcel Service	Rudy Markham	0
United Parcel Service	Robert E. Stoffel Jr	0
United Parcel Service	Gary E. Macdougal	0
United Parcel Service	Allen E. Hill	0
United Parcel Service	Christine M. Owens	0
United Parcel Service	David P. Abney	0
United Parcel Service	D. Scott Davis	0
United Parcel Service	Ben Verwaayen	0
United Parcel Service	Alan Gershenhorn	0
United Parcel Service	Kurt P. Kuehn	0
United Parcel Service	Calvin Darden	0
United Parcel Service	Teri P. McClure	0
United Parcel Service	James P. Kelly	0
United Parcel Service	Michael L. Eskew	0
VINCI	Louis Loucheur	1
VINCI	Xavier Huillard	0
Renault	Louis Renault	1
Renault	Fernand Renault	1
Renault	Marcel Renault	1
Renault	Carlos Ghosn	0
Pfizer	Charles Pfizer	1
Pfizer	Alex J. Mandl	0
Pfizer	Ian Read	0
Pfizer	John P. Mascotte	0
Pfizer	Natale S. Ricciardi	0
Pfizer	Frank D'Amelio	0
Pfizer	James M. Kilts	0
Pfizer	Michael Stuart Brown	0
Pfizer	Loretta V Cangialosi	0
Pfizer	William R. Ringo	0
Pfizer	William C. Steere Jr.	0
Pfizer	Frances D. Fergusson	0
Pfizer	Suzanne Nora Johnson	0
Pfizer	Martin Mackay	0
Pfizer	M. Anthony Burns	0
Pfizer	William R. Howell	0
Pfizer	Dana G. Mead	0
Pfizer	George A. Lorch	0
Pfizer	Robert N. Burt	0
Pfizer	Karen L. Katen	0
Pfizer	Jeffrey B. Kindler	0
Pfizer	Corey S. Goodman	0
Pfizer	W. Don Cornwell	0
Pfizer	Henry McKinnell	0
Pfizer	Constance J. Horner	0
Pfizer	William H. Gray III	0
Pfizer	Sally Susman	0
Pfizer	Dennis A. Ausiello	0
Bayer	Johann Friedrich Weskott	1
Bayer	Friedrich Bayer	1
Bayer	Marijn Dekkers	0
Bayer	Werner Wenning	0
Intel	Robert Noyce	1
Intel	Gordon Moore	1
Intel	Susan Decker	0
Intel	John L. Thornton	0
Intel	Andy D. Bryant	0
Intel	John Donahoe	0
Intel	D. James Guzy Sr.	0
Intel	Brian Krzanich	0
Intel	Jane E. Shaw	0
Intel	Paul Otellini	0
Intel	D. Bruce Sewell	0
Intel	Reed Hundt	0
Intel	David S. Pottruck	0
Intel	Carol Bartz	0
Intel	David Perlmutter	0
Intel	Charlene Barshefsky	0
Intel	Kimberly Stevenson	0
Intel	Craig R. Barrett	0
Intel	Sean M. Maloney	0
Intel	David B. Yoffie	0
Intel	James D. Plummer	0
Intel	Patrick P. Gelsinger	0
Roche Holding AG	Fritz Hoffmann-La Roche	1
Roche Holding AG	Severin Schwan	0
Hyundai Heavy Industries	Chung Ju-yung	1
Energy Transfer Equity	Kelcy Warren	1
Energy Transfer Equity	John W Mcreynolds	0
Energy Transfer Equity	Davidr Albin	0
Energy Transfer Equity	K Rick Turner	0
Energy Transfer Equity	H Michael Krimbill	0
Energy Transfer Equity	Ray Davis	0
Energy Transfer Equity	Kenneth A. Hersh	0
Cisco Systems, Inc.	Sandy Lerner	1
Cisco Systems, Inc.	Leonard Bosack	1
Cisco Systems, Inc.	John L. Hennessy	0
Cisco Systems, Inc.	Donald T. Valentine	0
Cisco Systems, Inc.	Michael Powell	0
Cisco Systems, Inc.	Jerry Yang	0
Cisco Systems, Inc.	John T. Chambers	0
Cisco Systems, Inc.	David K. Holland	0
Cisco Systems, Inc.	Larry R. Carter	0
Cisco Systems, Inc.	M. Michele Burns	0
Cisco Systems, Inc.	Steven M. West	0
Cisco Systems, Inc.	Wim Elfrink	0
Cisco Systems, Inc.	John P. Morgridge	0
Cisco Systems, Inc.	Larry Carter	0
Cisco Systems, Inc.	Jim Sherriff	0
Cisco Systems, Inc.	Carol Bartz	0
Cisco Systems, Inc.	Edward Kozel	0
Cisco Systems, Inc.	Michael Capellas	0
Cisco Systems, Inc.	Randall E. Pond	0
Cisco Systems, Inc.	Richard M. Kovacevich	0
Cisco Systems, Inc.	Roderick C. McGeary	0
Cisco Systems, Inc.	Brian L. Halla	0
Enterprise Products	Dan L. Duncan	1
Enterprise Products	Rex Ross	0
Enterprise Products	E William Barnett	0
Enterprise Products	Michael A Creel	0
Enterprise Products	O.S. Andras	0
Enterprise Products	Richard H. Bachmann	0
Enterprise Products	Aj Teague	0
Enterprise Products	Thurmon Andress	0
Enterprise Products	Charles M Rampacek	0
Enterprise Products	Ralph S. Cunningham	0
Enterprise Products	Robert G Phillips	0
Enterprise Products	Christopher R. Skoog	0
Enterprise Products	W. Randall Fowler	0
Aetna	Eliphalet Adams Bulkeley	1
Aetna	Barbara Franklin	0
Aetna	Gerald Greenwald	0
Aetna	Molly Joel Coye	0
Aetna	Edward J. Ludwig	0
Aetna	Ron Williams	0
Aetna	Jeffrey Garten	0
Aetna	Richard J Harrington	0
Aetna	Judith Rodin	0
Aetna	Betsy Z. Cohen	0
Aetna	Ellen Hancock	0
Aetna	Mark T Bertolini	0
Aetna	Michael H. Jordan	0
Aetna	Earl G. Graves, Sr.	0
Aetna	Joseph Newhouse	0
Aetna	Frank M. Clark	0
Aetna	Roger N. Farah	0
Commonwealth Bank	King O'Malley	1
Commonwealth Bank	Andrew Fisher	1
Commonwealth Bank	Ian Narev	0
Schlumberger	Marcel Schlumberger	1
Schlumberger	Conrad Schlumberger	1
Schlumberger	Andrew Gould	0
Schlumberger	Rana Talwar	0
Schlumberger	Jamie Gorelick	0
Schlumberger	Tony Isaac	0
Schlumberger	H Sola Oyinlola	0
Schlumberger	Adrian Lajous	0
Schlumberger	Linda G. Stuntz	0
Schlumberger	Nikolay Kudryavtsev	0
Schlumberger	John M. Deutch	0
Schlumberger	Paal Kibsgaard	0
Schlumberger	Didier Primat	0
Schlumberger	Michael E. Marks	0
Schlumberger	Philippe Camus	0
Schlumberger	L. Rafael Reif	0
Schlumberger	Ellen Summer	0
Schlumberger	Mark Danton	0
Schlumberger	Nicolas Seydoux	0
Lockheed Martin	Glenn L. Martin	1
Lockheed Martin	Allan Lockheed	1
Lockheed Martin	Malcolm Loughead	1
Lockheed Martin	Nolan D. Archibald	0
Lockheed Martin	David B. Burritt	0
Lockheed Martin	James Comey	0
Lockheed Martin	Christopher E. Kubasik	0
Lockheed Martin	Joseph W. Ralston	0
Lockheed Martin	David B Burritt	0
Lockheed Martin	James M. Schneider	0
Lockheed Martin	James O. Ellis	0
Lockheed Martin	Frank Savage	0
Lockheed Martin	E. C. Aldridge Jr.	0
Lockheed Martin	Gwendolyn S. King	0
Lockheed Martin	James M. Loy	0
Lockheed Martin	James R. Ukropina	0
Lockheed Martin	Marillyn Hewson	0
Lockheed Martin	Anne Stevens	0
Lockheed Martin	Douglas H. Mccorkindale	0
Lockheed Martin	Robert J. Stevens	0
Best Buy	Richard M. Schulze	1
Best Buy	Sanjay Khosla	0
Best Buy	Matthew H. Paull	0
Best Buy	Elliot S. Kaplan	0
Best Buy	Ari Bousbib	0
Best Buy	Kathy J. Higgins Victor	0
Best Buy	James E. Press	0
Best Buy	Bradbury H. Anderson	0
Best Buy	John E Pershing	0
Best Buy	G. Mike Mikan	0
Best Buy	Frank D. Trestman	0
Best Buy	Ronald James	0
Best Buy	Mary A. Tolan	0
Best Buy	Gerard R. Vittecoq	0
Best Buy	Allen U. Lenzmeier	0
Best Buy	Rogelio M. Rebolledo	0
Best Buy	Hatim A. Tyabji	0
Best Buy	Hubert Joly	0
Idemitsu Kosan	Sazō Idemitsu	1
The Walt Disney Company	Roy O. Disney	1
The Walt Disney Company	Walt Disney	1
The Walt Disney Company	John E. Pepper, Jr.	0
The Walt Disney Company	Leo J. O'Donovan	0
The Walt Disney Company	Thomas O Staggs	0
The Walt Disney Company	Alan N. Braverman	0
The Walt Disney Company	Monica C. Lozano	0
The Walt Disney Company	Steve Jobs	0
The Walt Disney Company	Sheryl Sandberg	0
The Walt Disney Company	Christine M Mccarthy	0
The Walt Disney Company	Robert W. Matschullat	0
The Walt Disney Company	George J. Mitchell	0
The Walt Disney Company	Jay Rasulo	0
The Walt Disney Company	Bob Iger	0
The Walt Disney Company	Fred H. Langhammer	0
The Walt Disney Company	Susan Arnold	0
The Walt Disney Company	Aylwin B. Lewis	0
The Walt Disney Company	Stephen F. Bollenbach	0
The Walt Disney Company	John E. Bryson	0
The Walt Disney Company	Irwin Russell	0
The Walt Disney Company	Judith L. Estrin	0
The Walt Disney Company	Orin C. Smith	0
The Walt Disney Company	John S. Chen	0
Bouygues	Francis Bouygues	1
FedEx	Frederick W. Smith	1
FedEx	Shirley Ann Jackson	0
FedEx	David J. Bronczek	0
FedEx	George J. Mitchell	0
FedEx	James L. Barksdale	0
FedEx	David P Steiner	0
FedEx	Judith L. Estrin	0
FedEx	Paul S. Walsh	0
FedEx	Joshua I. Smith	0
FedEx	Steven R. Loranger	0
FedEx	Peter S.	0
FedEx	John A. Edwardson	0
FedEx	Gary Loveman	0
FedEx	Philip Greer	0
FedEx	T. Michael Glenn	0
Wilmar International	Robert Kuok	1
Wilmar International	Kuok Khoon Hong	0
Merck & Co.	George W. Merck	1
Merck & Co.	Heidi Miller	0
Merck & Co.	William G. Bowen	0
Merck & Co.	Steven Goldstone	0
Merck & Co.	Thomas H. Glocer	0
Merck & Co.	Peter N. Kellogg	0
Merck & Co.	Celia A. Colbert	0
Merck & Co.	William B. Harrison, Jr.	0
Merck & Co.	Adam H Schechter	0
Merck & Co.	Thomas Shenk	0
Merck & Co.	Mark E Mcdonough	0
Merck & Co.	Lawrence Bossidy	0
Merck & Co.	Rochelle B Lazarus	0
Merck & Co.	Anne M. Tatlock	0
Merck & Co.	Johnnetta B. Cole	0
Merck & Co.	William M. Daley	0
Merck & Co.	Samuel O. Thier	0
Merck & Co.	William N. Kelley, M.D.	0
Merck & Co.	Kenneth C. Frazier	0
Merck & Co.	Wendell P. Weeks	0
Merck & Co.	Peter S. Kim	0
Merck & Co.	Leslie A. Brun	0
Merck & Co.	Peter Wendell	0
Merck & Co.	Harry R. Jacobson	0
Merck & Co.	Richard T. Clark	0
Merck & Co.	Samuel O Md Thier	0
KDDI	Kazuo Inamori	1
Anheuser-Busch InBev	Carlos Brito	1
Anheuser-Busch InBev	Jorge Paulo Lemann	0
Anheuser-Busch InBev	Grégoire de Spoelberch	0
Anheuser-Busch InBev	Kees J Storm	0
Anheuser-Busch InBev	Peter Harf	0
Anheuser-Busch InBev	Marcel Herrmann Telles	0
Anheuser-Busch InBev	Mark Winkelman	0
Anheuser-Busch InBev	Stéfan Descheemaeker	0
Anheuser-Busch InBev	Alexandre Van Damme	0
Anheuser-Busch InBev	Carlos Alberto Sicupira	0
JBS USA	Gustavus Franklin Swift	1
JBS USA	Andre Nogueira	0
JBS USA	Don Jackson	0
Safeway Inc.	Marion Barton Skaggs	1
Safeway Inc.	Steven A Burd	0
Safeway Inc.	Larree M. Renda	0
Safeway Inc.	Janet E. Grove	0
Safeway Inc.	Donald P Wright	0
Safeway Inc.	Peter A. Magowan	0
Safeway Inc.	Raymond G Viault	0
Safeway Inc.	Robert A Gordon	0
Safeway Inc.	Douglas J. Mackenzie	0
Safeway Inc.	Sam Ginn	0
Safeway Inc.	Rebecca A. Stirn	0
Safeway Inc.	Robert L. Edwards	0
Safeway Inc.	Michael S Shannon	0
Safeway Inc.	Frank C. Herringer	0
Safeway Inc.	Russell M Jackson	0
Safeway Inc.	Mohan S. Gyani	0
Safeway Inc.	Robert I. Macdonnell	0
Safeway Inc.	Paul Hazen	0
Safeway Inc.	Kenneth W. Oder	0
Safeway Inc.	William Y. Tauscher	0
AB Volvo	Assar Gabrielsson	1
AB Volvo	Gustaf Larson	1
AB Volvo	Olof Persson	0
AB Volvo	Neelie Kroes	0
AB Volvo	Fredrik Arp	0
Prudential Financial	John F. Dryden	1
Prudential Financial	Gilbert F. Casellas	0
Prudential Financial	John Strangfeld	0
Prudential Financial	Karl J. Krapek	0
Prudential Financial	Gordon M. Bethune	0
Prudential Financial	Mark B Grier	0
Prudential Financial	James Cullen	0
Prudential Financial	James A. Unruh	0
Prudential Financial	Constance J. Horner	0
Prudential Financial	Jon F. Hanson	0
Prudential Financial	William H. Gray III	0
Prudential Financial	Gaston Caperton	0
Prudential Financial	Christine A. Poon	0
Prudential Financial	Peter B Sayre	0
Prudential Financial	Garnett L. Keith Jr.	0
Prudential Financial	Arthur F. Ryan	0
Prudential Financial	Frederic K Becker	0
Prudential Financial	Thomas S. Johnson	0
Goldman Sachs	Marcus Goldman	1
Goldman Sachs	James A. Johnson	0
Goldman Sachs	Byron Trott	0
Goldman Sachs	Harvey Schwartz	0
Goldman Sachs	Michael Sherwood	0
Goldman Sachs	Mark Winkelman	0
Goldman Sachs	Rajat Gupta	0
Goldman Sachs	Mark Tucker	0
Goldman Sachs	Gregory K Palm	0
Goldman Sachs	John F.W. Rogers	0
Goldman Sachs	Jon Winkelried	0
Goldman Sachs	Robert K. Steel	0
Goldman Sachs	Lois Juliber	0
Goldman Sachs	Lakshmi Mittal	0
Goldman Sachs	Claes Dahlbäck	0
Goldman Sachs	Ruth Simmons	0
Goldman Sachs	Alan M Cohen	0
Goldman Sachs	David Viniar	0
Goldman Sachs	Debora Spar	0
Goldman Sachs	M. Michele Burns	0
Goldman Sachs	John L. Thornton	0
Goldman Sachs	Ed Liddy	0
Goldman Sachs	John Thain	0
Goldman Sachs	Robert Rubin	0
Goldman Sachs	Peter Oppenheimer	0
Goldman Sachs	John H. Bryan	0
Goldman Sachs	Lloyd Blankfein	0
Goldman Sachs	John S. Weinberg	0
Goldman Sachs	Suzanne Nora Johnson	0
Goldman Sachs	Gary Cohn	0
Goldman Sachs	Stephen Friedman	0
Goldman Sachs	Edith W. Cooper	0
Goldman Sachs	Adebayo Ogunlesi	0
Goldman Sachs	Mark Schwartz	0
Goldman Sachs	Eugene V. Fife	0
Goldman Sachs	William W. George	0
Credit Suisse	Alfred Escher	1
Credit Suisse	Brady Dougan	0
Jardine Matheson	William Jardine	1
Jardine Matheson	James Matheson	1
Jardine Matheson	David Jardine	0
Jardine Matheson	Charles Powell, Baron Powell of Bayswater	0
Jardine Matheson	George Ho	0
Honeywell	Mark C. Honeywell	1
Honeywell	Jaime Chico /fa Pardo	0
Honeywell	James J Howard	0
Honeywell	Adriane M Brown	0
Honeywell	Talia M Griep	0
Honeywell	David J Anderson	0
Honeywell	Ann M. Fudge	0
Honeywell	Bradley T Sheares	0
Honeywell	Mark R. James	0
Honeywell	Andreas Kramvis	0
Honeywell	Clive Hollick, Baron Hollick	0
Honeywell	Katherine L. Adams	0
Honeywell	John R. Stafford	0
Honeywell	David M. Cote	0
Honeywell	D. Scott Davis	0
Honeywell	Robert J Gillette	0
Honeywell	Peter M Kreindler	0
Honeywell	Michael W. Wright	0
Honeywell	Roger Fradin	0
Honeywell	Eric Shinseki	0
Honeywell	Linnet F. Deily	0
Honeywell	Gordon M. Bethune	0
Honeywell	Kathleen A Winters	0
Honeywell	Ivan G. Seidenberg	0
Honeywell	Larry E Kittelberger	0
Honeywell	Russell E Palmer	0
Lenovo	Danny Lui	1
Lenovo	Liu Chuanzhi	1
Lenovo	Yang Yuanqing	0
Tata Motors	J. R. D. Tata	1
Tata Motors	Karl Slym	0
Sainsbury's	John James Sainsbury	1
Sainsbury's	Mike Coupe	0
Sainsbury's	Bridget A. Macaskill	0
Sainsbury's	Justin King	0
Hospital Corporation of America	Jack C. Massey	1
Hospital Corporation of America	Thomas F. Frist, Sr.	1
Hospital Corporation of America	Thomas F. Frist, Jr.	1
Hospital Corporation of America	Thomas F. Frist, III	0
Hospital Corporation of America	R. Milton  Johnson	0
Hospital Corporation of America	Christopher J. Birosak	0
Hospital Corporation of America	Richard M. Bracken	0
Hospital Corporation of America	C. Michael Armstrong	0
Hospital Corporation of America	James C Momtazee	0
Hospital Corporation of America	John Connaughton	0
Hospital Corporation of America	Kenneth  W. Freeman	0
Hospital Corporation of America	Chris Gordon	0
Hospital Corporation of America	William  R. Frist	0
Hospital Corporation of America	Nathan C. Thorne	0
Hospital Corporation of America	Jack O. Bovender, Jr.	0
Hospital Corporation of America	Michael W. Michelson	0
Hospital Corporation of America	George A. Bitar	0
Hospital Corporation of America	Stephen Pagliuca	0
John Deere	Charles Deere	1
John Deere	John Deere	1
John Deere	Vance D. Coffman	0
John Deere	David Speer	0
John Deere	Hans W. Becherer	0
John Deere	Dipak C. Jain	0
John Deere	Samuel R. Allen	0
John Deere	Richard Myers	0
John Deere	Aulana L. Peters	0
John Deere	T. Kevin Dunnigan	0
John Deere	Arthur L. Kelly	0
John Deere	Robert W. Lane	0
John Deere	Crandall Close Bowles	0
John Deere	Clayton M. Jones	0
John Deere	Joachim Milberg	0
John Deere	Antonio Madero B.	0
John Deere	Charles O. Holliday	0
John Deere	James R. Jenkins	0
John Deere	Thomas H. Patrick	0
Delta Air Lines	Bert Coad	1
Delta Air Lines	Collett E. Woolman	1
Delta Air Lines	Edward H Bastian	0
Delta Air Lines	Richard Karl Goeltz	0
Delta Air Lines	Arthur E Johnson	0
Delta Air Lines	John Engler	0
Delta Air Lines	David R. Goode	0
Delta Air Lines	George M. C. Fisher	0
Delta Air Lines	Daniel Carp	0
Delta Air Lines	Gerald Grinstein	0
Delta Air Lines	John S. Brinzo	0
Delta Air Lines	Joan E. Spero	0
Delta Air Lines	Rodney E. Slater	0
Delta Air Lines	Glen W Hauenstein	0
Delta Air Lines	Walter E. Massey	0
Delta Air Lines	Patricia L. Higgins	0
Delta Air Lines	Kenneth Woodrow	0
Delta Air Lines	Douglas Steenland	0
Delta Air Lines	Richard H Anderson	0
Delta Air Lines	Eugene I. Davis	0
Delta Air Lines	Mickey P Foret	0
Delta Air Lines	Roy J. Bostock	0
Delta Air Lines	Paula Rosput Reynolds	0
Delta Air Lines	Karl J. Krapek	0
Delta Air Lines	Victor L Lund	0
Delta Air Lines	Leo F. Mullin	0
Morgan Stanley	Harold Stanley	1
Morgan Stanley	Henry Sturgis Morgan	1
Morgan Stanley	Ruth Porat	0
Morgan Stanley	Charles Phillips	0
Morgan Stanley	John J. Mack	0
Morgan Stanley	Zoe Cruz	0
Morgan Stanley	Sir Howard J. Davies	0
Morgan Stanley	Thomas R. Nides	0
Morgan Stanley	Donald Nicolaisen	0
Morgan Stanley	James P. Gorman	0
Morgan Stanley	Roy J. Bostock	0
Morgan Stanley	C Robert Kidder	0
Morgan Stanley	Charles Noski	0
Morgan Stanley	Robert W. Matschullat	0
Morgan Stanley	Erskine Bowles	0
Morgan Stanley	Hutham S Olayan	0
Morgan Stanley	Robert W. Scully	0
Morgan Stanley	O Griffith Sexton	0
Morgan Stanley	Christopher Carter	0
Morgan Stanley	Colin Bryce	0
Morgan Stanley	Michael A. Miles	0
Morgan Stanley	Laura Tyson	0
Hess Corporation	Leon Hess	1
Hess Corporation	Edith E. Holiday	0
Hess Corporation	George Sandison	0
Hess Corporation	Nicholas F. Brady	0
Hess Corporation	William R. Johnson	0
Hess Corporation	Frank Albert Olson	0
Hess Corporation	John B. Hess	0
Hess Corporation	V Simon John	0
Hess Corporation	Robert N. Wilson	0
Hess Corporation	Thomas Kean	0
Hess Corporation	Brian J Bohling	0
Hess Corporation	J. Barclay Collins II	0
Hess Corporation	John J Scelfo	0
Hess Corporation	John P Rielly	0
Hess Corporation	John J. O'Connor	0
Hess Corporation	Craig G. Matthews	0
Hess Corporation	John H. Mullin III	0
Hess Corporation	Risa J. Lavizzo-Mourey	0
Hess Corporation	Ernst Hans von Metzsch	0
Bridgestone	Shōjirō Ishibashi	1
Bridgestone	Masaaki Tsuya	0
21st Century Fox	Rupert Murdoch	1
21st Century Fox	Lachlan Murdoch	0
DuPont	Éleuthère Irénée du Pont	1
DuPont	Ellen J. Kullman	0
DuPont	Alexander M. Cutler	0
DuPont	Richard H. Brown	0
DuPont	Curtis J. Crawford	0
DuPont	William K. Reilly	0
DuPont	Jeffrey L Keefer	0
DuPont	John T. Dillon	0
DuPont	Pont Eleuthere I Du	0
DuPont	Thomas L Sager	0
DuPont	Richard R Goodmanson	0
DuPont	Masahisa Naitoh	0
DuPont	Charles M. Vest	0
DuPont	Robert A. Brown	0
DuPont	Percy Barnevik	0
DuPont	James C Borel	0
DuPont	Alain J. P. Belda	0
DuPont	Charles O. Holliday	0
DuPont	Sean O'Keefe	0
DuPont	Bertrand P Collomb	0
DuPont	Lois Juliber	0
Sears	Alvah Curtis Roebuck	1
Sears	Richard Warren Sears	1
Sears	Julius Rosenwald	1
Sears	Brenda Barnes	0
Sears	W. James Farrell	0
Sears	Alan J. Lacy	0
Sears	Ann N. Reese	0
Sears	Hugh B. Price	0
Sears	Louis D'Ambrosio	0
Sears	Arthur C. Martinez	0
Sears	Edward Lampert	0
Sears	Donald J. Carty	0
Sears	Richard C. Notebaert	0
Sears	Michael A. Miles	0
AXA	Claude Bébéar	1
AXA	Michel Pébereau	0
AXA	Jacques de Chateauvieux	0
AXA	Jean-Martin Folz	0
AXA	Dominique Reiniche	0
AXA	Suet-Fern Lee	0
AXA	Denis Duverne	0
AXA	Giuseppe Mussari	0
AXA	Norbert Dentressangle	0
AXA	Isabelle Kocher	0
AXA	Ezra Suleiman	0
AXA	Wendy Cooper	0
AXA	Anthony Hamilton	0
AXA	Ramon De Oliveira	0
AXA	Henri de Castries	0
AXA	François Martineau	0
Alimentation Couche-Tard	Alain Bouchard	1
Minsheng Banking Corp	Jing Shuping	1
American Express	John Warren Butterfield	1
American Express	William Fargo	1
American Express	Henry Wells	1
American Express	Robert D. Walter	0
American Express	Alfred F Kelly Jr	0
American Express	Rick Levin	0
American Express	Peter Chernin	0
American Express	Ron Williams	0
American Express	Stephen J Squeri	0
American Express	Richard Karl Goeltz	0
American Express	Frank Popoff	0
American Express	Daniel T Henry	0
American Express	Ursula Burns	0
American Express	Richard A. McGinn	0
American Express	Daniel Akerson	0
American Express	Charlene Barshefsky	0
American Express	Jan Leschly	0
American Express	Steven S. Reinemund	0
American Express	Vernon Jordan	0
American Express	Edward D. Miller	0
American Express	Kenneth I. Chenault	0
Magna International	Frank Stronach	1
Magna International	Donald J. Walker	0
Sistema	Vladimir Yevtushenkov	1
Sistema	Ron Sommer	0
Koç Holding	Vehbi Koç	1
Koç Holding	Osman Turgay Durak	0
Koç Holding	Bülent Bulgurlu	0
Koç Holding	Rahmi Koç	0
Tyson Foods	John W. Tyson	1
Tyson Foods	Donald J Tyson	1
Tyson Foods	Albert C Zapanta	0
Tyson Foods	Donnie Smith	0
Tyson Foods	Richard A Greubel Jr	0
Tyson Foods	John H Tyson	0
Tyson Foods	Scott T Ford	0
Tyson Foods	Richard L Bond	0
Tyson Foods	Lloyd V. Hackley	0
Tyson Foods	Jo Ann R Smith	0
Tyson Foods	Barbara A. Tyson	0
Tyson Foods	Kevin M Mcnamara	0
Tyson Foods	Jim D Kever	0
TIAA–CREF	Andrew Carnegie	1
TIAA–CREF	John H. Biggs	0
TIAA–CREF	Bridget A. Macaskill	0
TIAA–CREF	Herbert M. Allison	0
TIAA–CREF	Roger W. Ferguson, Jr.	0
TIAA–CREF	Thomas W. Jones	0
TIAA–CREF	Elizabeth E. Bailey	0
TIAA–CREF	Robert C. Clark	0
Massachusetts Mutual Life Insurance Company	George W. Rice	1
Massachusetts Mutual Life Insurance Company	Roger W Crandall	0
Massachusetts Mutual Life Insurance Company	Timothy Allen	0
Massachusetts Mutual Life Insurance Company	Marc Racicot	0
Massachusetts Mutual Life Insurance Company	Patricia Diaz Dennis	0
George Weston Limited	George Weston	1
George Weston Limited	Galen Weston	0
George Weston Limited	Galen Weston Jr.	0
Philips	Gerard Philips	1
Philips	Frits Philips	1
Philips	Anton Philips	1
Philips	Thomas Perkins	0
Philips	Rudy Provoost	0
Philips	Gerard Kleisterlee	0
Philips	Frans van Houten	0
Philips	Pierre-Jean Sivignon	0
Philips	Steve Rusckowski	0
Philips	Gottfried Dutiné	0
Philips	James J. Schiro	0
DIRECTV	Eddy Hartenstein	1
DIRECTV	Ralph F. Boyd Jr	0
DIRECTV	Michael W Palkovic	0
DIRECTV	Michael D. White	0
DIRECTV	Larry D Hunter	0
DIRECTV	C. Michael Armstrong	0
DIRECTV	J. Michael Losh	0
DIRECTV	Neil R. Austrian	0
DIRECTV	John C. Malone	0
DIRECTV	Charles R. Lee	0
DIRECTV	Haim Saban	0
DIRECTV	Patrick T Doyle	0
DIRECTV	James M Cornelius	0
DIRECTV	John L. Thornton	0
DIRECTV	Gregory Maffei	0
DIRECTV	Eckhard Pfeiffer	0
DIRECTV	Paul A Gould	0
DIRECTV	Romulo Pontual	0
DIRECTV	Peter A Lund	0
DIRECTV	Nancy S. Newcomb	0
General Dynamics	John Philip Holland	1
General Dynamics	Jay L. Johnson	0
General Dynamics	Gerard J Demuro	0
General Dynamics	James Crown	0
General Dynamics	Phebe Novakovic	0
General Dynamics	Paul G. Kaminski	0
General Dynamics	Robert Walmsley	0
General Dynamics	Charles H Goodman	0
General Dynamics	J Christopher Reyes	0
General Dynamics	Nicholas Chabraja	0
General Dynamics	George Joulwan	0
General Dynamics	William P Fricks	0
General Dynamics	Carl Epting Mundy, Jr.	0
General Dynamics	Lester Lyles	0
General Dynamics	Richard Armitage	0
General Dynamics	Deborah J Lucas	0
General Dynamics	Jack Keane	0
General Dynamics	David A Savner	0
General Dynamics	Thaer Lewis Von	0
Nokia	Leo Mechelin	1
Nokia	Fredrik Idestam	1
Nokia	Olli-Pekka Kallasvuo	0
Nokia	Rajeev Suri	0
Nokia	Marjorie Scardino	0
Nokia	Simo Vuorilehto	0
Nokia	Daniel R. Hesse	0
Nokia	Sari M. Baldauf	0
Nokia	Jorma Ollila	0
Nokia	Risto Siilasmaa	0
Nokia	Kari Kairamo	0
Nokia	Bjorn Westerlund	0
Nokia	Stephen Elop	0
3M	Henry Bryan	1
3M	William McGonagle	1
3M	Hermon Cable	1
3M	John Dwan	1
3M	Danley Budd	1
3M	M S Nozari	0
3M	Kevin W. Sharer	0
3M	Ed Liddy	0
3M	Robert S Morrison	0
3M	Inge G Thulin	0
3M	Aulana L. Peters	0
3M	Jan L Yeomans	0
3M	Vance D. Coffman	0
3M	Robert J. Ulrich	0
3M	Michael L. Eskew	0
3M	Patrick D Campbell	0
3M	Marschall Smith	0
3M	Rozanne L. Ridgway	0
3M	John K Woodworth	0
3M	George W. Buckley	0
3M	Linda G. Alvarado	0
3M	Herbert L Henkel	0
L'Oréal	Eugène Schueller	1
L'Oréal	Jean Paul Agon	0
L'Oréal	Liliane Bettencourt	0
Accenture	Clarence DeLany	1
Accenture	Arthur E. Andersen	1
Accenture	Pierre Nanterme	0
Accenture	Pamela Craig	0
Accenture	Blythe J. Mcgarvie	0
Accenture	Dina Dublon	0
Accenture	William D. Green	0
Accenture	Nobuyuki Idei	0
Accenture	Mark Moodystuart	0
Accenture	Karl Heinz Flother	0
Accenture	Robert I. Lipp	0
Accenture	William L. Kimsey	0
Accenture	Wulf Von Schimmelmann	0
Accenture	Stephen J Rohleder	0
Accenture	Dennis F. Hightower	0
Accenture	Douglas G Scrivner	0
Accenture	Kevin M Campbell	0
Accenture	Marjorie Magner	0
Accenture	Mark Foster	0
NEC	Kunihiko Iwadare	1
Delhaize Group	Jules Delhaize	1
Delhaize Group	Arnoud de Pret de Calesberg	0
Delhaize Group	Frans W. H. Muller	0
Delhaize Group	Jacques de Vaucleroy	0
Delhaize Group	Jack L Stahl	0
Delhaize Group	Robert J. Murray	0
Delhaize Group	Didier Smits	0
Delhaize Group	Richard Goblet d'Alviella	0
Delhaize Group	Claire Babrowski	0
Delhaize Group	William L. Roper	0
Delhaize Group	Georges Jacobs	0
Delhaize Group	François Cornélis	0
Delhaize Group	Hugh Farrington	0
Delhaize Group	Luc Vansteenkiste	0
Delhaize Group	Pierre-Olivier Beckers-Vieujant	0
Quanta Computer	Barry Lam	1
Halliburton	Erle P. Halliburton	1
Halliburton	J. Landis Martin	0
Halliburton	Nance Dicciani	0
Halliburton	David S King	0
Halliburton	James T Hackett	0
Halliburton	Milton Carroll	0
Halliburton	David J. Lesar	0
Halliburton	Thomas H. Cruikshank	0
Halliburton	James R Boyd	0
Halliburton	Ray L. Hunt	0
Halliburton	William R. Howell	0
Halliburton	Albert O Cornelison Jr	0
Halliburton	Kathleen M. Bader	0
Halliburton	Jay A Precourt	0
Halliburton	Kenneth T. Derr	0
Halliburton	Stephen Malcolm Gillis	0
Halliburton	Alan M Bennett	0
Halliburton	Lawrence J Pope	0
Halliburton	Aylwin B. Lewis	0
Halliburton	Robert L Crandall	0
Suzuki Motor Corporation	Michio Suzuki	1
Suzuki Motor Corporation	Osamu Suzuki	0
Commerce Insurance Company	Arthur J Remillard Jr	1
Commerce Insurance Company	Gerald Fels	0
Commerce Insurance Company	Robert W Harris	0
Commerce Insurance Company	Randall V Becker	0
Commerce Insurance Company	Raymond J Lauring	0
Commerce Insurance Company	Normand R Marois	0
Commerce Insurance Company	Eric G Butler	0
Commerce Insurance Company	Arthur J Remillard III	0
Commerce Insurance Company	Joseph A Borski Jr	0
Commerce Insurance Company	Regan P Remillard	0
Commerce Insurance Company	David R Grenon	0
Commerce Insurance Company	John J Kunkel	0
Commerce Insurance Company	Suryakant M Patel	0
Commerce Insurance Company	Henry J Camosse	0
Commerce Insurance Company	Gurbachan Singh	0
Publix Super Markets	George W. Jenkins	1
Publix Super Markets	E. Vane Mcclurg	0
Publix Super Markets	Maria Sastre	0
Publix Super Markets	Joan G. Buccino	0
Publix Super Markets	William E. Crenshaw	0
Publix Super Markets	David P Phillips	0
Publix Super Markets	Howard M. Jenkins	0
Publix Super Markets	Kelly E. Norton	0
Publix Super Markets	Charles H. Jenkins Jr.	0
Publix Super Markets	Linda S Hall	0
Publix Super Markets	David E Bridges	0
Publix Super Markets	Hoyt R. Barnett	0
Publix Super Markets	Carol Barnett	0
International Paper	Hugh J. Chisholm	1
International Paper	Carleton C. Ealy	0
International Paper	Thomas G. Kadien	0
International Paper	David J. Bronczek	0
International Paper	Lynn Elsenhans	0
International Paper	J. Steven Whisler	0
International Paper	Donald F. McHenry	0
International Paper	Wayne Brafford	0
International Paper	Charles R. Shoemate	0
International Paper	John V. Faraci	0
International Paper	Alberto Weisser	0
International Paper	William G Walter	0
International Paper	Robert J. Eaton	0
International Paper	Samir G Gibara	0
International Paper	Martha F. Brooks	0
International Paper	Thomas E. Gestrich	0
International Paper	John L Townsend III	0
International Paper	Stacey J. Mobley	0
International Paper	John T. Dillon	0
International Paper	Maura A. Smith	0
International Paper	Dana G. Mead	0
International Paper	John F. Turner	0
Migros	Gottlieb Duttweiler	1
Power Corporation of Canada	Paul Desmarais	1
Groupe Danone	Daniel Carasso	1
Groupe Danone	Franck Riboud	0
Aisin Seiki Co.	Kiichiro Toyoda	1
McDonald's	Maurice McDonald	1
McDonald's	Ray Kroc	1
McDonald's	Richard McDonald	1
McDonald's	Jose Armario	0
McDonald's	James A Skinner	0
McDonald's	Richard H Lenny	0
McDonald's	John W. Rogers, Jr.	0
McDonald's	Andrew J. McKenna	0
McDonald's	Robert Eckert	0
McDonald's	Charlie Bell	0
McDonald's	Hall Adams Jr	0
McDonald's	Michael R. Quinlan	0
McDonald's	Ralph Alvarez	0
McDonald's	Neelie Kroes	0
McDonald's	Jack M. Greenberg	0
McDonald's	Timothy J Fenton	0
McDonald's	Terry L. Savage	0
McDonald's	Susan Arnold	0
McDonald's	Roger W. Stone	0
McDonald's	Donald Thompson	0
McDonald's	Donald Keough	0
McDonald's	Cary D. McMillan	0
McDonald's	Edward A. Brennan	0
McDonald's	Jim Cantalupo	0
McDonald's	Jeanne P. Jackson	0
McDonald's	Walter E. Massey	0
McDonald's	Sheila A Penrose	0
McDonald's	Enrique Hernandez Jr.	0
Macy's	Rowland Hussey Macy	1
Macy's	Isidor Straus	1
Macy's	Meyer Feldberg	0
Macy's	Marna C. Whittington	0
Macy's	Stephen F. Bollenbach	0
Macy's	Craig E. Weatherup	0
Macy's	Joseph Neubauer	0
Macy's	Karl von der Heyden	0
Macy's	Deirdre Connelly	0
Macy's	Joyce M. Roche	0
Macy's	Sara Levinson	0
Macy's	Terry J. Lundgren	0
Macy's	Joseph A. Pichler	0
Morrisons	William Morrison	1
Morrisons	Ian Gibson	0
Morrisons	Dalton Philips	0
Fluor Corporation	John Simon Fluor	1
Fluor Corporation	James T Hackett	0
Fluor Corporation	David Thomas Seaton	0
Fluor Corporation	Ilesanmi Adesida	0
Fluor Corporation	Peter K. Barker	0
Fluor Corporation	Peter S Watson	0
Fluor Corporation	Alan L. Boeckmann	0
Fluor Corporation	Kent Kresa	0
Fluor Corporation	Robin W Renwick	0
Fluor Corporation	Peter J Fluor	0
Fluor Corporation	Joseph Prueher	0
Fluor Corporation	Suzanne Woolsey	0
Fluor Corporation	D Michael Steuert	0
Fluor Corporation	Dean R Ohare	0
Fluor Corporation	Vilma Socorro Martínez	0
VTB	Central Bank of Russia	1
VTB	Ministry of Finance	1
VTB	Andrey L. Kostin	0
Northwestern Mutual	John Johnston	1
Northwestern Mutual	Hans Helmerich	0
Northwestern Mutual	Facundo L. Bacardi	0
Northwestern Mutual	Edward J. Zore	0
Northwestern Mutual	Ulice Payne Jr	0
Northwestern Mutual	David J Lubar	0
Northwestern Mutual	Dale E. Jones	0
Northwestern Mutual	Stephen F. Keller	0
Northwestern Mutual	Peter M Sommerhauser	0
Northwestern Mutual	Timothy D. Proctor	0
Northwestern Mutual	George A. Dickerman	0
Northwestern Mutual	David J Drury	0
Northwestern Mutual	Margery Kraus	0
Northwestern Mutual	John J Stollenwerk	0
Northwestern Mutual	John E. Schlifske	0
Northwestern Mutual	Kathryn D. Wriston	0
Northwestern Mutual	Robert C. Buchanan	0
Northwestern Mutual	Barry L. Williams	0
Northwestern Mutual	Connie K Duckworth	0
Northwestern Mutual	James P Hackett	0
Northwestern Mutual	David A. Erne	0
Northwestern Mutual	H. Mason Sizemore, Jr.	0
Northwestern Mutual	John E. Steuri	0
Mazda	Jujiro Matsuda	1
Mazda	Robert J. Graziano	0
Mazda	Takashi Yamanouchi	0
Mazda	Masamichi Kogai	0
Mazda	Lewis Booth	0
Tech Data Corporation	Edward C. Raymund	1
Tech Data Corporation	Nestor Cano	0
Tech Data Corporation	John Y. Williams	0
Tech Data Corporation	David R Vetter	0
Tech Data Corporation	Jeffery P. Howells	0
Tech Data Corporation	Charles E. Adair	0
Tech Data Corporation	Robert M. Dutkowsky	0
Tech Data Corporation	Steven A. Raymund	0
Tech Data Corporation	Kathy Misunas	0
Tech Data Corporation	Joseph A Osbourn	0
Tech Data Corporation	Thomas I Morgan	0
Tech Data Corporation	Joseph B Trepani	0
Tech Data Corporation	David M. Upton	0
Tech Data Corporation	Maximilian Ardelt	0
The Travelers Companies	James G. Batterson	1
The Travelers Companies	Brian W. Maclean	0
The Travelers Companies	Clarence Otis Jr.	0
The Travelers Companies	Glen D. Nelson	0
The Travelers Companies	Douglas K Russel	0
The Travelers Companies	Doreen Spadorcia	0
The Travelers Companies	Leslie B Disharoon	0
The Travelers Companies	Thomas R. Hodgson	0
The Travelers Companies	Charles W. Scharf	0
The Travelers Companies	Laurie J. Thomsen	0
The Travelers Companies	John J. Albano	0
The Travelers Companies	Blythe J. Mcgarvie	0
The Travelers Companies	William H. Heyman	0
The Travelers Companies	Richard H. Booth	0
The Travelers Companies	Janet M. Dolan	0
The Travelers Companies	John H. Dasburg	0
The Travelers Companies	Joseph P. Lacher Jr.	0
The Travelers Companies	Cleve L. Killingsworth	0
The Travelers Companies	Kenneth Franklin Spence III	0
The Travelers Companies	Patricia L. Higgins	0
The Travelers Companies	Charles J Clarke	0
The Travelers Companies	Alan L. Beller	0
The Travelers Companies	Jay S. Fishman	0
The Travelers Companies	Lawrence G. Graev	0
The Travelers Companies	Robert I. Lipp	0
The Travelers Companies	Kenneth M. Duberstein	0
Samsung Group	Lee Byung-chul	1
Samsung Group	Lee Kun-hee	0
Adecco	Klaus Johann Jacobs	1
Adecco	Judith A. Sprieser	0
Adecco	Patrick De Maeseneire	0
Nike, Inc.	Bill Bowerman	1
Nike, Inc.	Phil Knight	1
Nike, Inc.	Hans van Alebeek	0
Nike, Inc.	Tim Cook	0
Nike, Inc.	Jeanne P. Jackson	0
Nike, Inc.	William D. Perez	0
Nike, Inc.	Mark Parker	0
Nike, Inc.	Charles D. Denson	0
Nike, Inc.	Jill K. Conway	0
Nike, Inc.	P. Eunan Mclaughlin	0
Nike, Inc.	Ralph D. Denunzio	0
Nike, Inc.	John Thompson	0
Nike, Inc.	Douglas G. Houser	0
Nike, Inc.	Gary Destefano	0
Nike, Inc.	Trevor A. Edwards	0
Nike, Inc.	John C. Lechleiter	0
Nike, Inc.	Johnathan A. Rodgers	0
Nike, Inc.	Orin C. Smith	0
Heineken International	Gerard Adriaan Heineken	1
Heineken International	Jean-François van Boxmeer	0
Lotte	Shin Kyuk-ho	1
Geely	Li Shufu	1
Occidental Petroleum	Armand Hammer	1
Occidental Petroleum	B Chuck Anderson	0
Occidental Petroleum	James M Lienert	0
Occidental Petroleum	Stephen Chazen	0
Occidental Petroleum	Edward Djerejian	0
Occidental Petroleum	Dale R. Laurance	0
Occidental Petroleum	John S Chalsty	0
Occidental Petroleum	Irvin W Maloney	0
Occidental Petroleum	Ronald Burkle	0
Occidental Petroleum	Rosemary Tomich	0
Occidental Petroleum	Aziz D Syriani	0
Occidental Petroleum	Rodolfo Segovia	0
Occidental Petroleum	William E Albrecht	0
Occidental Petroleum	R Chad Dreier	0
Occidental Petroleum	Ray R. Irani	0
Occidental Petroleum	John E Feick	0
Occidental Petroleum	Spencer Abraham	0
Occidental Petroleum	John Kluge	0
Occidental Petroleum	Walter L Weisman	0
Occidental Petroleum	Brier Donald P De	0
Rite Aid	Alex Grass	1
Rite Aid	Brian Fiala	0
Rite Aid	Dennis Wood	0
Rite Aid	Joseph B. Anderson, Jr.	0
Rite Aid	John T. Standley	0
Rite Aid	Kenneth Martindale	0
Rite Aid	Philip G. Satre	0
Rite Aid	Michael N Regan	0
Rite Aid	Michael A Friedman	0
Rite Aid	Francois J Coutu	0
Rite Aid	Andre Belzile	0
Rite Aid	Michel Coutu	0
Rite Aid	Jonathan D. Sokoloff	0
Rite Aid	Marcy Syms	0
Rite Aid	George Golleher	0
Rite Aid	Bob Mariano	0
Rite Aid	Robert Gerald Miller	0
Rite Aid	Mary F. Sammons	0
Exelon	John W. Rowe	1
Exelon	Elizabeth A Moler	0
Exelon	John W. Rogers, Jr.	0
Exelon	John M. Palms	0
Exelon	Denis P. O'brien	0
Exelon	Nicholas Debenedictis	0
Exelon	Christopher M. Crane	0
Exelon	Hoene William A Von Jr.	0
Exelon	Nelson Diaz	0
Exelon	Matthew F Hilzinger	0
Exelon	Bruce Demars	0
Exelon	Rosemarie B. Greco	0
Exelon	Stephen D Steinour	0
Exelon	Donald Thompson	0
Exelon	Andrea L Zopp	0
Exelon	Edward A. Brennan	0
Exelon	Ian P Mclean	0
Exelon	Sue L Gin	0
Exelon	Tom Ridge	0
Exelon	Ruth Ann M Gillis	0
Exelon	Walter Dalessio	0
Exelon	William C. Richardson	0
Exelon	Paul Joskow	0
Qualcomm	Irwin M. Jacobs	1
Qualcomm	Andrew Viterbi	1
Qualcomm	Steven R. Altman	0
Qualcomm	Donald J Rosenberg	0
Qualcomm	Duane Nelles	0
Qualcomm	Steven Mollenkopf	0
Qualcomm	Derek K Aberle	0
Qualcomm	Robert  E. Kahn	0
Qualcomm	Steve Bennett	0
Qualcomm	Barbara T. Alexander	0
Qualcomm	Raymond V. Dittamore	0
Qualcomm	Donald G Cruickshank	0
Qualcomm	William E Keitel	0
Qualcomm	Thomas W. Horton	0
Qualcomm	Adelia A Coffman	0
Qualcomm	Barbara Alexander Stiles	0
Qualcomm	Margaret L Johnson	0
Qualcomm	Frank Savage	0
Qualcomm	Paul E. Jacobs	0
Qualcomm	Marc I Stern	0
Emerson Electric	John Wesley Emerson	1
Emerson Electric	Joseph Prueher	0
Emerson Electric	Edward L. Monser	0
Emerson Electric	Walter J. Galvin	0
Emerson Electric	Vernon R. Loucks Jr.	0
Emerson Electric	Edward Whitacre, Jr.	0
Emerson Electric	Harriet Green	0
Emerson Electric	Charles A. Peters	0
Emerson Electric	Randall L. Stephenson	0
Emerson Electric	John B. Menzer	0
Emerson Electric	George W. Tamke	0
Emerson Electric	Sir Robert B Horton	0
Emerson Electric	August Busch III	0
Emerson Electric	William R. Johnson	0
Emerson Electric	Rozanne L. Ridgway	0
Emerson Electric	David C. Farrell	0
Emerson Electric	Arthur F. Golden	0
Emerson Electric	Carlos Fernandez Gonzalez	0
Emerson Electric	David Farr	0
Northrop Grumman	Jack Northrop	1
Northrop Grumman	Ronald Sugar	0
Northrop Grumman	James F Palmer	0
Northrop Grumman	James F Pitts	0
Northrop Grumman	Kevin W. Sharer	0
Northrop Grumman	Victor H. Fazio	0
Northrop Grumman	Phillip Frost	0
Northrop Grumman	Richard Myers	0
Northrop Grumman	Kenneth N Heintz	0
Northrop Grumman	Charles Noski	0
Northrop Grumman	Kent Kresa	0
Northrop Grumman	Wesley G Bush	0
Northrop Grumman	Stephen E. Frank	0
Northrop Grumman	Charles R. Larson	0
Northrop Grumman	Philip Odeen	0
Northrop Grumman	John T. Chain, Jr.	0
Northrop Grumman	Aulana L. Peters	0
Northrop Grumman	Donald E. Felsinger	0
Northrop Grumman	Lewis W Coleman	0
Duke Energy	James Buchanan Duke	1
Duke Energy	Steven K Young	0
Duke Energy	Lynn J Good	0
Duke Energy	David L. Hauser	0
Duke Energy	Dhiaa M. Jamil	0
Duke Energy	William Barnet III	0
Duke Energy	Michael G Browning	0
Duke Energy	James H. Hance Jr.	0
Duke Energy	Mary Schapiro	0
Duke Energy	Ann Maynard Gray	0
Duke Energy	Christopher C Rolfe	0
Duke Energy	James T Rhodes	0
Duke Energy	Daniel R Dimicco	0
Duke Energy	George Alexander Sr Bernhardt	0
Duke Energy	Dudley S Taft	0
Duke Energy	Marc E Manly	0
Duke Energy	John H Forsgren	0
Duke Energy	Phillip R. Cox	0
Duke Energy	James E. Rogers, Jr.	0
Tata Steel	Dorabji Tata	1
Tata Steel	T. V. Narendran	0
Tata Steel	Cyrus Pallonji Mistry	0
Tata Steel	Hemant M. Nerurkar	0
Rolls-Royce Holdings	Charles Rolls	1
Rolls-Royce Holdings	Henry Royce	1
Rolls-Royce Holdings	Mark King	0
Rolls-Royce Holdings	John Rishton	0
Capital One	Nigel Morris	1
Capital One	Richard Fairbank	1
Capital One	Jory A Berson	0
Capital One	Lewis Hay, III	0
Capital One	Patrick W. Gross	0
Capital One	Ryan M. Schneider	0
Capital One	Edward R. Campbell	0
Capital One	Pierre E. Leroy	0
Capital One	Stanley Westreich	0
Capital One	Matthew W Schuyler	0
Capital One	Lynn A Pike	0
Capital One	Ann Fritz Hackett	0
Sodexo	Pierre Bellon	1
Sodexo	Michel Landel	0
Subaru	Chikuhei Nakajima	1
British American Tobacco	James Buchanan Duke	1
British American Tobacco	Nicandro Durante	0
Raytheon	Vannevar Bush	1
Raytheon	Charles G. Smith	1
Raytheon	Laurence K. Marshall	1
Raytheon	Richard R. Yuse	0
Raytheon	Michael C. Ruettgers	0
Raytheon	Jon C. Jones	0
Raytheon	Vern Clark	0
Raytheon	Linda G. Stuntz	0
Raytheon	William H. Swanson	0
Raytheon	John M. Deutch	0
Raytheon	Daniel L. Smith	0
Raytheon	Frederic M. Poses	0
Raytheon	Ronald L. Skates	0
Raytheon	Barbara M. Barrett	0
Raytheon	William R. Spivey	0
Raytheon	Jay B Stephens	0
Raytheon	Keith J. Peden	0
Raytheon	Taylor W Lawrence	0
Raytheon	Richard A Goglia	0